dataset,columna,n_labels_incluyendo_na,top_10_labels
df_raw_airbnb_norm,url,9596,https://www.airbnb.com.ar/rooms/1040554442322631694: 1 | https://www.airbnb.com.ar/rooms/964408489461867104: 1 | https://www.airbnb.com.ar/rooms/1036158336168624323: 1 | https://www.airbnb.com.ar/rooms/1733400595659807329: 1 | https://www.airbnb.com.ar/rooms/1766917305956283277: 1 | https://www.airbnb.com.ar/rooms/1384761791431310579: 1 | https://www.airbnb.com.ar/rooms/1268249914007402838: 1 | https://www.airbnb.com.ar/rooms/1758147922514654880: 1 | https://www.airbnb.com.ar/rooms/1134298993310011233: 1 | https://www.airbnb.com.ar/rooms/1210322224011606587: 1
df_raw_airbnb_norm,scraped_at_utc,9596,2026-09-05T17:38:48Z: 1 | 2026-09-06T01:02:39Z: 1 | 2026-09-05T17:36:49Z: 1 | 2026-09-05T21:59:55Z: 1 | 2026-09-05T22:25:10Z: 1 | 2026-09-05T19:32:26Z: 1 | 2026-09-06T04:48:56Z: 1 | 2026-09-05T22:17:20Z: 1 | 2026-09-06T04:44:00Z: 1 | 2026-09-05T18:35:55Z: 1
df_raw_airbnb_norm,imagen_principal,9399,https://a0.muscache.com/im/pictures/b3dd86a1-e919-4035-8288-0bb9973e9128.jpg: 12 | https://a0.muscache.com/im/pictures/miso/Hosting-1297997517103840601/original/5536cad7-99db-4eae-bdd1-4030c8b213c2.jpeg: 11 | https://a0.muscache.com/im/pictures/miso/Hosting-1298608044557957403/original/109b2033-97a1-432b-b930-ed60e9771418.jpeg: 10 | https://a0.muscache.com/im/pictures/25116383/6236ee82_original.jpg: 9 | https://a0.muscache.com/im/pictures/hosting/Hosting-1042977653365914563/original/3602c8e9-e1e7-46af-a40f-6c0746b3f61f.jpeg: 9 | https://a0.muscache.com/im/pictures/miso/Hosting-785554661831802635/original/2bcd2612-0a21-4bb2-842b-b09d497fa463.jpeg: 8 | https://a0.muscache.com/im/pictures/miso/Hosting-1080511894708626856/original/9dcc64ff-0930-483c-b0d3-d0f50489f6f6.jpeg: 6 | https://a0.muscache.com/im/pictures/hosting/Hosting-1624626271836345640/original/71983b31-7ef7-4687-9fd4-b177b39e618f.jpeg: 5 | https://a0.muscache.com/im/pictures/miso/Hosting-655096957988417138/original/9cacbec0-20
df_raw_airbnb_norm,titulo,9201,Departamento en Buenos Aires: 25 | Departamento en Palermo: 18 | Departamento en Recoleta: 16 | Apartamento de un dormitorio - PALERMO HOLLYWOOD: 9 | Apartamento Moderno a estrenar en Buenos Aires: 8 | Departamento en Belgrano: 7 | ¡Boutique Studio en PALERMO HOLLYWOOD!: 7 | Hestia en el Hotel Boutique San Telmo: 7 | Moderno monoambiente en Palermo Hollywood: 7 | Departamento en Palermo Soho: 6
df_raw_airbnb_norm,descripcion,8801,"Disfrutá de la sencillez de este alojamiento tranquilo y céntrico.: 49 | <NA>: 33 | Disfrutá de una experiencia con estilo en este alojamiento céntrico.: 32 | Relajate con toda la familia en este tranquilo alojamiento.: 31 | Con 30 años de trayectoria, este exclusivo hotel céntrico ofrece más de 70 habitaciones diseñadas para tu confort. Ubicado a solo 15 minutos de Puerto Madero y el Obelisco, y cerca de prestigiosos hospitales como el Italiano y el Alemán. Disfruta de servicios premium como Seguridad las 24 horas, estacionamiento gratuito y un delicioso desayuno incluido. Atención personalizada las 24 horas y ropa blanca de alta calidad para garantizar una experiencia única en el corazón de la ciudad.: 31 | Relajate en este alojamiento único y tranquilo.: 25 | Relajate en este espacio tan tranquilo y elegante.: 25 | Disfruta de la sencillez de este alojamiento tranquilo y céntrico.: 21 | Este lugar especial está cerca de todo: va a ser muy fácil planear tu visita.: 20 | Este lugar ún"
df_raw_airbnb_norm,precio_texto,3468,$ 1.435 USD: 29 | $ 1.328 USD: 23 | $ 1.228 USD: 21 | $ 1.660 USD: 18 | $ 1.726 USD: 17 | $ 1.433 USD: 17 | $ 1.992 USD: 17 | $ 1.859 USD: 16 | $ 1.361 USD: 16 | $ 1.333 USD: 15
df_raw_airbnb_norm,seller_nombre,1836,Federico: 230 | Diego: 121 | Alejandro: 101 | Mariana: 95 | MOT Rentals: 94 | Pablo: 89 | Matias: 82 | Fernando: 79 | For Rent Argentina: 75 | Maria: 71
df_raw_airbnb_norm,barrio,46,Palermo: 3220 | Recoleta: 1321 | San Nicolas: 570 | Belgrano: 492 | Retiro: 470 | Monserrat: 408 | Almagro: 373 | Balvanera: 355 | Villa Crespo: 292 | San Telmo: 256
df_raw_airbnb_norm,barrio_norm,46,palermo: 3220 | recoleta: 1321 | san_nicolas: 570 | belgrano: 492 | retiro: 470 | monserrat: 408 | almagro: 373 | balvanera: 355 | villa_crespo: 292 | san_telmo: 256
df_raw_airbnb_norm,tipo_propiedad,11,Vivienda alquilada entero: 7887 | Departamento en complejo residencial entero: 907 | Departamento con servicios incluidos entero: 356 | Loft entero: 193 | Alojamiento entero: 169 | Alojamiento para vacaciones entero: 48 | Vivienda unifamiliar entero: 15 | Minicasa: 6 | Casona entero: 6 | Casa particular: 6
df_raw_airbnb_norm,acepta_corta_estadia,2,True: 8160 | False: 1436
df_raw_airbnb_norm,solo_larga_estadia,2,False: 8160 | True: 1436
df_raw_airbnb_norm,precio_sospechoso,2,False: 9516 | True: 80
df_raw_airbnb_norm,seller_superhost,2,False: 5996 | True: 3600
df_raw_airbnb_norm,ascensor,2,True: 5915 | False: 3681
df_raw_airbnb_norm,balcon_o_patio,2,True: 4974 | False: 4622
df_raw_airbnb_norm,terraza,2,False: 9120 | True: 476
df_raw_airbnb_norm,jardin,2,False: 9473 | True: 123
df_raw_airbnb_norm,parrilla,2,False: 7739 | True: 1857
df_raw_airbnb_norm,pileta,2,False: 6612 | True: 2984
df_raw_airbnb_norm,gimnasio,2,False: 8123 | True: 1473
df_raw_airbnb_norm,sauna,2,False: 9085 | True: 511
df_raw_airbnb_norm,laundry,2,True: 5291 | False: 4305
df_raw_airbnb_norm,cochera,2,False: 9192 | True: 404
df_raw_airbnb_norm,camaras_seguridad,2,False: 7549 | True: 2047
df_raw_airbnb_norm,portero,2,False: 9065 | True: 531
df_raw_airbnb_norm,aire_acondicionado,2,True: 7347 | False: 2249
df_raw_airbnb_norm,calefaccion,2,True: 7437 | False: 2159
df_raw_airbnb_norm,losa_radiante,2,False: 9087 | True: 509
df_raw_airbnb_norm,internet,2,True: 9489 | False: 107
df_raw_airbnb_norm,vista,2,False: 8301 | True: 1295
df_raw_airbnb_norm,zona_trabajo,2,True: 5627 | False: 3969
df_raw_airbnb_norm,permite_mascotas,2,False: 7564 | True: 2032
df_raw_airbnb_norm,fuente,1,Airbnb: 9596
df_raw_airbnb_norm,tipo_operacion,1,alquiler temporal: 9596
df_raw_airbnb_norm,unidad_precio,1,por_noche_2_huespedes_5_noches: 9596
df_raw_airbnb_norm,room_type,1,Entire home/apt: 9596
df_raw_airbnb_norm,categoria_alojamiento,1,vivienda_entera: 9596
df_raw_airbnb_norm,es_vivienda,1,True: 9596
df_raw_airbnb_norm,precio_regimen,1,mensual: 9596
df_raw_airbnb_norm,moneda,1,USD: 9596
df_raw_airbnb_norm,amoblado,1,True: 9596
df_raw_airbnb_norm,localidad,1,Ciudad Autónoma de Buenos Aires: 9596
df_raw_airbnb_norm,provincia,1,CABA: 9596
df_raw_airbnb_norm,pais,1,Argentina: 9596
df_raw_airbnb_norm,_archivo_origen,1,data\raw\airbnb\airbnb_caba_normalizado_mensual.csv: 9596
df_raw_argenprop,property_id,162,e197e9f1c643db6d77d3: 1 | c6d712804e8920b7c44a: 1 | 30c011d5c7b29cc7d1b4: 1 | 005063ed8b36c3914daa: 1 | be6b436761c9e7ea7525: 1 | 0ae96622ea5e34dbf889: 1 | 4081adc26b2894d7a1bf: 1 | 517e2fae5c2dbcbf988a: 1 | 525444132d09afda30ab: 1 | edfa9e851f65c8a047a2: 1
df_raw_argenprop,url,162,https://www.argenprop.com/departamento-en-venta-en-palermo-chico-5-ambientes--18799423: 1 | https://www.argenprop.com/departamento-en-venta-en-palermo-chico-2-ambientes--19974218: 1 | https://www.argenprop.com/departamento-en-venta-en-palermo-chico-4-ambientes--10043598: 1 | https://www.argenprop.com/departamento-en-venta-en-palermo-3-ambientes--19871596: 1 | https://www.argenprop.com/departamento-en-venta-en-palermo-soho-3-ambientes--19829078: 1 | https://www.argenprop.com/departamento-en-venta-en-palermo-1-ambiente--19548301: 1 | https://www.argenprop.com/departamento-en-venta-en-palermo-3-ambientes--19622671: 1 | https://www.argenprop.com/departamento-en-venta-en-palermo-hollywood-3-ambientes--20075391: 1 | https://www.argenprop.com/departamento-en-venta-en-palermo-4-ambientes--19344625: 1 | https://www.argenprop.com/departamento-en-venta-en-palermo-viejo-4-ambientes--9070214: 1
df_raw_argenprop,scraped_at_utc,162,2026-08-15T23:56:14.395650+00:00: 1 | 2026-08-15T23:56:14.405039+00:00: 1 | 2026-08-15T23:56:14.413241+00:00: 1 | 2026-08-15T23:56:14.420875+00:00: 1 | 2026-08-15T23:56:14.429637+00:00: 1 | 2026-08-15T23:56:14.437620+00:00: 1 | 2026-08-15T23:56:14.446256+00:00: 1 | 2026-08-15T23:56:14.455503+00:00: 1 | 2026-08-15T23:56:14.464400+00:00: 1 | 2026-08-15T23:56:14.472675+00:00: 1
df_raw_argenprop,imagen_principal,162,https://www.argenprop.com/static-content/32499781/e0063af1-49cc-48e2-b1f3-27eb92fa9aaa_u_small.jpg: 1 | https://www.argenprop.com/static-content/81247991/3393d3b7-6920-45d3-82a0-e6c1d83bc828_u_small.jpg: 1 | https://www.argenprop.com/static-content/89534001/abc6b317-36eb-48cc-b317-ad0e7f8f330c_u_small.jpg: 1 | https://www.argenprop.com/static-content/69517891/723a95de-b089-495c-94df-b2c233adc643_u_small.jpg: 1 | https://www.argenprop.com/static-content/87092891/388fe324-b55c-4dac-8723-19b784652e49_u_small.jpg: 1 | https://www.argenprop.com/static-content/10384591/93932b9b-67fa-4e76-ba37-b24f3e7923ae_u_small.jpg: 1 | https://www.argenprop.com/static-content/17622691/ef206135-fced-4578-b138-0a79a30800f4_u_small.jpg: 1 | https://www.argenprop.com/static-content/19357002/82408874-0400-46a2-bbe6-145a5e90ac4d_u_small.jpg: 1 | https://www.argenprop.com/static-content/52644391/41b2eade-ae28-42b8-bf7c-8d29abd0873a_u_small.jpg: 1 | https://www.argenprop.com/static-content/4120709/f2504496-303d-4
df_raw_argenprop,atributos_extra_json,162,"{""texto_tarjeta"": ""+ 38 Ver más fotos 1 /46 Visto 72.002 USD 2.400.000 &plus; $2.200.000 expensas Jerónimo Salguero 2700 Departamento en Venta en Palermo Chico, Palermo 300 m² cubie. 3 dorm. 17 años TORRE BELLINI! Piso alto de revista! Balcón con espectacular vista panorámica a la ciudad y al río! Todo a nuevo! Full amenities! 2 Coch! ÚNICO! “Torre bellini” de revista! Impecable piso muy alto! Balcón con espectacular vista panorámica a la ciudad y al río! Muy luminoso! Todo luz y sol! Excelente distribución! Todo externo! Doble circulación! Todo a nuevo! Palier privado! Hall de entrada! Gran living y comedor! Toilette de recepción! Sala de estar o playroom con habitación de guardado! 1 master suite con 2 vestidores! 1 dormitorio en suite! 1 dormitorio! Baño completo! Muchos placares! Cocina completa! Lavadero independiente! Baño de servicio! Entrada de servicio! Full amenities: piscina climatizada y solárium, jacuzzi y solárium en piso 37, gimnasio con vestuarios, sauna, sala de relax,"
df_raw_argenprop,precio_texto,157,USD 225.000 + $550.000 expensas: 2 | USD 87.000 + $162.600 expensas: 2 | USD 115.000 + $260.000 expensas: 2 | $ 680.000 + $130.000 expensas: 2 | $ 850.000: 2 | USD 2.400.000 + $2.200.000 expensas: 1 | USD 175.000 + $250.000 expensas: 1 | USD 800.000: 1 | USD 229.000: 1 | USD 135.000 + $124.000 expensas: 1
df_raw_argenprop,direccion_completa,156,"Jerónimo Salguero 2700: 2 | Sánchez De Bustamante 2600: 2 | Viamonte 1800, Piso 3: 2 | Fitz Roy 1400, Piso 7: 2 | Charcas 4000, Piso 3: 2 | Amenábar 1600, Piso 1: 2 | Juan Francisco Seguí 3900: 1 | República Árabe Siria 3100, Piso 1: 1 | Jorge Luis Borges 2100, Piso 2: 1 | Santa Rosa 5100: 1"
df_raw_argenprop,titulo,154,"IMPECABLE SEMIPISO! BALCÓN AL PULMÓN C/VISTA ABIERTA! Todo luz y sol! Doble circulación! Baulera! ÚNICO! OPORT!: 2 | 2 Ambientes 47m2 Facultad de Medicina: 2 | 1, 2 y 3 ambientes: 2 | Departamento 2 ambientes Venta - Villa Urquiza: 2 | Departamento en edificio Premium: Green House, Amenities, microcine, dos piscinas, balcon aterrazado al contrafrente, vista arbolada. Aquí el Departamento:: 2 | Maravilloso Dos Ambientes con Balcón Aterrazado en Palermo: 2 | AMOBLADO. ALQUILER: $ 680.000 ó U$S 480. Expensas: $ 130.000.: 2 | 5 AMBIENTES, TERRAZA, COCHERA CAMIONETA 4 X 4, todo al frente, Subte D, baulera, parrilla, apto mascotas: 2 | TORRE BELLINI! Piso alto de revista! Balcón con espectacular vista panorámica a la ciudad y al río! Todo a nuevo! Full amenities! 2 Coch! ÚNICO!: 1 | IMPECABLE 2 AMBIENTES! ESPECTACULAR PATIO PROPIO CON JARDÍN! Todo a nuevo! Muy luminoso! ÚNICO! OPORT!: 1"
df_raw_argenprop,calle,119,Avenida Santa Fe: 5 | Charcas: 5 | Honduras: 4 | Jerónimo Salguero: 3 | Sánchez De Bustamante: 3 | Avenida Corrientes: 3 | Blanco Encalada: 3 | Avenida Olazábal: 3 | Billinghurst: 3 | Arévalo: 2
df_raw_argenprop,piso,28,<NA>: 69 | 3: 13 | 7: 11 | 1: 9 | 2: 8 | 6: 8 | 5: 5 | 4: 5 | 8: 4 | acheco: 3
df_raw_argenprop,expensas_texto,11,<NA>: 151 | expensas $162.500: 2 | expensas $124.000: 1 | expensas $320.000: 1 | expensas $126.000: 1 | Expensas 30.000: 1 | expensas $ 260.000: 1 | expensas $215.000: 1 | expensas 400: 1 | expensas 3: 1
df_raw_argenprop,search_url,2,https://www.argenprop.com/departamentos/venta/capital-federal: 82 | https://www.argenprop.com/departamentos/alquiler/capital-federal: 80
df_raw_argenprop,tipo_operacion,2,venta: 82 | alquiler: 80
df_raw_argenprop,moneda,2,USD: 96 | ARS: 66
df_raw_argenprop,expensas_moneda,2,<NA>: 154 | ARS: 8
df_raw_argenprop,fuente,1,Argenprop: 162
df_raw_argenprop,parse_warnings,1,modo_listado_sin_ficha_detallada: 162
df_raw_argenprop,tipo_propiedad,1,departamento: 162
df_raw_argenprop,_archivo_origen,1,data\raw\argenprop\propiedades_argenprop.csv: 162
df_raw_meli_alq,scraped_at_utc,11479,2026-09-03T16:45:14.494669+00:00: 1 | 2026-09-03T16:45:14.496463+00:00: 1 | 2026-09-03T16:45:14.497158+00:00: 1 | 2026-09-03T16:45:14.497799+00:00: 1 | 2026-09-03T16:45:14.498422+00:00: 1 | 2026-09-03T16:45:14.499041+00:00: 1 | 2026-09-03T16:45:14.499653+00:00: 1 | 2026-09-03T16:45:14.500275+00:00: 1 | 2026-09-03T16:45:14.500893+00:00: 1 | 2026-09-03T16:45:14.501494+00:00: 1
df_raw_meli_alq,texto_tarjeta,9989,"PUBLICADO ESTA SEMANA Departamento en alquiler Departamento En Alquiler En Puerto Madero GET Propiedades US$ 8.000 5 ambs. 3 baños 260 m² cubiertos Lanteri Al 1200, Puerto Madero, Puerto Madero, Capital Federal Destacado: 6 | PUBLICADO ESTA SEMANA Departamento en alquiler Alquiler 2 Amb. En Colegiales Amoblado Con Cochera Y Amenities US$ 1.400 2 ambs. 1 baño 39 m² cubiertos Gregoria Pérez Al 3200, Colegiales, Capital Federal: 6 | Departamento en alquiler Departamento - Villa Crespo $ 600.000 17 m² cubiertos Departamento En Alquiler Aguirre Al 100, Villa Crespo, Capital Federal: 5 | Departamento en alquiler Excelente 3 Ambientes - Villa Crespo $ 1.400.000 3 ambs. 2 baños 67 m² cubiertos Vera 200, 4° Piso, Villa Crespo, Capital Federal: 5 | Departamento en alquiler Departamento Amoblado - Palermo Reynolds Propiedades $ 690.000 1 amb. 1 baño 30 m² cubiertos Paraguay Al 3400, Palermo, Capital Federal Destacado: 4 | Departamento en alquiler Alquiler - 4 Ambientes - Cochera - Seguridad - Ame"
df_raw_meli_alq,url,9896,https://departamento.mercadolibre.com.ar/MLA-3906770142-alquiler-nunez-2-ambientes-con-balcon-_JM: 2 | https://departamento.mercadolibre.com.ar/MLA-3907705666-palacio-bellini-3-dormitorios-2-banos-toilette-cochera-pileta-gimnasio-sum-spa-palermo-_JM: 2 | https://departamento.mercadolibre.com.ar/MLA-3908849774-alquiler-torre-jaramillo-nunez-2-dormitorios-2-banos-completos-vigilancia-24hs-cochera-amenities-_JM: 2 | https://departamento.mercadolibre.com.ar/MLA-3899677810-departamento-en-venta-o-alquiler-en-villa-crespo-_JM: 2 | https://departamento.mercadolibre.com.ar/MLA-2051666689-3-dormitorios-2-cocheras-luminoso-pileta-balcon-con-parrilla-_JM: 2 | https://departamento.mercadolibre.com.ar/MLA-3903235206-departamento-en-alquiler-3-ambientes-con-terraza-en-belgrano-_JM: 2 | https://departamento.mercadolibre.com.ar/MLA-3907341824-alquiler-de-semipiso-con-vista-4-ambientes-2-cocheras-torre-de-gelly-palermo-chico-caba-_JM: 2 | https://departamento.mercadolibre.com.ar/MLA-3488353260-departam
df_raw_meli_alq,slug,9896,MLA-3906770142-alquiler-nunez-2-ambientes-con-balcon-_JM: 2 | MLA-3907705666-palacio-bellini-3-dormitorios-2-banos-toilette-cochera-pileta-gimnasio-sum-spa-palermo-_JM: 2 | MLA-3908849774-alquiler-torre-jaramillo-nunez-2-dormitorios-2-banos-completos-vigilancia-24hs-cochera-amenities-_JM: 2 | MLA-3899677810-departamento-en-venta-o-alquiler-en-villa-crespo-_JM: 2 | MLA-2051666689-3-dormitorios-2-cocheras-luminoso-pileta-balcon-con-parrilla-_JM: 2 | MLA-3903235206-departamento-en-alquiler-3-ambientes-con-terraza-en-belgrano-_JM: 2 | MLA-3907341824-alquiler-de-semipiso-con-vista-4-ambientes-2-cocheras-torre-de-gelly-palermo-chico-caba-_JM: 2 | MLA-3488353260-departamento-en-puerto-madero-2-ambientes-luminosos-de-133-m2-_JM: 2 | MLA-3809462546-departamento-4-ambientes-en-puerto-madero-_JM: 2 | MLA-3770584954-alquiler-departamento-3-amb-lateral-en-palermo-_JM: 2
df_raw_meli_alq,item_id,9877,MLA3906770142: 2 | MLA3907705666: 2 | MLA3908849774: 2 | MLA2055217129: 2 | MLA3899677810: 2 | MLA2051666689: 2 | MLA3903235206: 2 | MLA3907341824: 2 | MLA3488353260: 2 | MLA3809462546: 2
df_raw_meli_alq,imagen_principal,9866,https://http2.mlstatic.com/D_NQ_NP_2X_952213-MLA102668267865_122025-E.webp: 4 | https://http2.mlstatic.com/D_NQ_NP_2X_642798-MLA116938468503_082026-E.webp: 4 | https://http2.mlstatic.com/D_NQ_NP_2X_761162-MLA113791489220_072026-E.webp: 4 | https://http2.mlstatic.com/D_NQ_NP_2X_917077-MLA117074470613_092026-E.webp: 4 | https://http2.mlstatic.com/D_NQ_NP_2X_647508-MLA107526942951_022026-E.webp: 3 | https://http2.mlstatic.com/D_NQ_NP_2X_728253-MLA115286533653_072026-E.webp: 3 | https://http2.mlstatic.com/D_NQ_NP_2X_875853-MLA117092994005_092026-E.webp: 3 | https://http2.mlstatic.com/D_NQ_NP_2X_861470-MLA115354722220_082026-E.webp: 3 | https://http2.mlstatic.com/D_NQ_NP_2X_659510-MLA112732929456_062026-E.webp: 2 | https://http2.mlstatic.com/D_NQ_NP_2X_617430-MLA117092597013_092026-E.webp: 2
df_raw_meli_alq,imagen_id,9866,D_NQ_NP_2X_952213-MLA102668267865_122025-E: 4 | D_NQ_NP_2X_642798-MLA116938468503_082026-E: 4 | D_NQ_NP_2X_761162-MLA113791489220_072026-E: 4 | D_NQ_NP_2X_917077-MLA117074470613_092026-E: 4 | D_NQ_NP_2X_647508-MLA107526942951_022026-E: 3 | D_NQ_NP_2X_728253-MLA115286533653_072026-E: 3 | D_NQ_NP_2X_875853-MLA117092994005_092026-E: 3 | D_NQ_NP_2X_861470-MLA115354722220_082026-E: 3 | D_NQ_NP_2X_659510-MLA112732929456_062026-E: 2 | D_NQ_NP_2X_617430-MLA117092597013_092026-E: 2
df_raw_meli_alq,direccion,8252,"Juana Manso Al 1500, Puerto Madero, Capital Federal: 34 | Mexico Al 55, Puerto Madero, Capital Federal: 26 | Juana Manso Al 1400, Puerto Madero, Capital Federal: 22 | Huergo Al 400, Puerto Madero, Capital Federal: 21 | Venezuela Al 50, Puerto Madero, Capital Federal: 19 | Juana Manso 1551, Puerto Madero, Capital Federal: 13 | Av Del Libertador Al 7000, Núñez, Capital Federal: 12 | Juana Manso 1100, Puerto Madero, Capital Federal: 12 | Laprida Al 1708. Entre Juncal Y French, Recoleta, Capital Federal: 12 | Comodoro Pedro Zanni Al 300, Retiro, Capital Federal: 12"
df_raw_meli_alq,titulo,8053,Departamento En Palermo: 99 | Departamento En Recoleta: 60 | Departamento En Belgrano: 45 | Departamento En Alquiler En Belgrano: 42 | Departamento En Alquiler En Recoleta: 40 | Departamentos Alquiler Recoleta: 36 | Departamento En Caballito: 35 | Departamento En Alquiler: 28 | Departamento En Alquiler En Palermo: 27 | Departamento En Alquiler En Caballito: 24
df_raw_meli_alq,calle,3934,Juana Manso Al: 95 | Juana Manso: 78 | Venezuela: 50 | Paraguay Al: 47 | Juncal Al: 45 | Comuna: 45 | Av. Rivadavia: 42 | Yerbal: 39 | Av. Corrientes: 38 | Paraguay: 37
df_raw_meli_alq,atributos_texto,1286,2 ambs. | 1 baño | 40 m² cubiertos: 489 | 1 amb. | 1 baño | 30 m² cubiertos: 337 | 2 ambs. | 1 baño | 45 m² cubiertos: 302 | 2 ambs. | 1 baño | 42 m² cubiertos: 245 | 2 ambs. | 1 baño | 38 m² cubiertos: 225 | 1 amb. | 1 baño | 35 m² cubiertos: 220 | 1 amb. | 1 baño | 32 m² cubiertos: 206 | 2 ambs. | 1 baño | 35 m² cubiertos: 200 | 1 amb. | 1 baño | 31 m² cubiertos: 198 | 1 amb. | 1 baño | 33 m² cubiertos: 189
df_raw_meli_alq,precio_texto,530,$ 650.000: 598 | $ 750.000: 556 | $ 700.000: 554 | $ 600.000: 527 | $ 800.000: 481 | $ 850.000: 360 | $ 550.000: 310 | $ 900.000: 295 | $ 1.100.000: 254 | $ 1.200.000: 243
df_raw_meli_alq,inmobiliaria,76,<NA>: 10251 | Remax Premium: 158 | Lepore: 125 | Sistema Coldwell Banker: 82 | Situar: 80 | Goldstein Propiedades: 54 | Mel Propiedades: 53 | Toribio Achaval: 49 | Interwin: 41 | Oppel Inmobiliaria: 34
df_raw_meli_alq,barrio,63,Palermo: 1331 | Recoleta: 1128 | Belgrano: 956 | Puerto Madero: 833 | Caballito: 802 | Villa Urquiza: 515 | Núñez: 486 | Almagro: 439 | Flores: 379 | Villa Crespo: 334
df_raw_meli_alq,search_url,49,https://inmuebles.mercadolibre.com.ar/departamentos/alquiler/capital-federal/: 2017 | https://inmuebles.mercadolibre.com.ar/departamentos/alquiler/capital-federal/palermo/: 1090 | https://inmuebles.mercadolibre.com.ar/departamentos/alquiler/capital-federal/recoleta/: 916 | https://inmuebles.mercadolibre.com.ar/departamentos/alquiler/capital-federal/belgrano/: 796 | https://inmuebles.mercadolibre.com.ar/departamentos/alquiler/capital-federal/caballito/: 722 | https://inmuebles.mercadolibre.com.ar/departamentos/alquiler/capital-federal/puerto-madero/: 649 | https://inmuebles.mercadolibre.com.ar/departamentos/alquiler/capital-federal/villa-urquiza/: 445 | https://inmuebles.mercadolibre.com.ar/departamentos/alquiler/capital-federal/almagro/: 400 | https://inmuebles.mercadolibre.com.ar/departamentos/alquiler/capital-federal/nunez/: 394 | https://inmuebles.mercadolibre.com.ar/departamentos/alquiler/capital-federal/flores/: 325
df_raw_meli_alq,tipo_superficie,3,cubierta: 11027 | total: 402 | <NA>: 50
df_raw_meli_alq,moneda,2,ARS: 8232 | USD: 3247
df_raw_meli_alq,estado_entrega,2,<NA>: 11478 | entrega_inmediata: 1
df_raw_meli_alq,_archivo_origen,2,data\raw\mercadolibre_inmuebles_alquiler\meli_alq_2.csv: 9462 | data\raw\mercadolibre_inmuebles_alquiler\meli_alq_1.csv: 2017
df_raw_meli_alq,fuente,1,Mercado Libre: 11479
df_raw_meli_alq,tipo_propiedad,1,departamento: 11479
df_raw_meli_alq,tipo_operacion,1,alquiler: 11479
df_raw_meli_alq,localidad,1,Capital Federal: 11479
df_raw_meli_alq,provincia,1,Capital Federal: 11479
df_raw_meli_alq,imagen_extension,1,webp: 11479
df_raw_meli_alq_temp,scraped_at_utc,6190,2026-09-03T17:22:27.502870+00:00: 1 | 2026-09-03T17:22:27.504281+00:00: 1 | 2026-09-03T17:22:27.505059+00:00: 1 | 2026-09-03T17:22:27.506094+00:00: 1 | 2026-09-03T17:22:27.507157+00:00: 1 | 2026-09-03T17:22:27.507903+00:00: 1 | 2026-09-03T17:22:27.508680+00:00: 1 | 2026-09-03T17:22:27.509940+00:00: 1 | 2026-09-03T17:22:27.510713+00:00: 1 | 2026-09-03T17:22:27.511560+00:00: 1
df_raw_meli_alq_temp,texto_tarjeta,4561,"Departamento en alquiler temporal Monoambiente - Alquiler Temporal - Zona Recoleta US$ 850 1 amb. 1 baño 30 m² cubiertos Agüero Al 1400, Recoleta, Capital Federal: 6 | Departamento en alquiler temporal Departamento En Palermo US$ 900 1 amb. 1 baño 72 m² cubiertos Thames Al 2200, Palermo, Capital Federal: 6 | Departamento en alquiler temporal Departamento Alquiler Temporario Mensual Amoblado San Nicolas 1 Amb Alternativa Propiedades US$ 700 1 amb. 1 baño 30 m² cubiertos Rivadavia Al 1300 Entre Uruguay Y Talcahuano, San Nicolás, Capital Federal Destacado: 4 | Departamento en alquiler temporal Departamento En Puerto Madero US$ 3.000 2 ambs. 1 baño 62 m² cubiertos Juana Manso Al 1900, Puerto Madero, Capital Federal: 4 | Departamento en alquiler temporal Excelente 2 Ambientes Con Balcón, Vista Abierta Y Amenities Premium En San Telmo US$ 1.000 2 ambs. 1 baño 42 m² cubiertos Piedras 1141, San Telmo, Capital Federal: 4 | Departamento en alquiler temporal Loft. Amueblado. 60m2. Amenities. Pale"
df_raw_meli_alq_temp,url,4500,https://departamento.mercadolibre.com.ar/MLA-2698335478-departamento-alquiler-temporario-3-ambientes-amoblado-y-equipado-recoleta-_JM: 2 | https://departamento.mercadolibre.com.ar/MLA-1613951673-departamento-alquiler-temporario-4-ambientes-amoblado-y-equipado-recoleta-_JM: 2 | https://departamento.mercadolibre.com.ar/MLA-3809030658-alquiler-temporal-3-ambientes-puerto-madero-_JM: 2 | https://departamento.mercadolibre.com.ar/MLA-3731193956-alquiler-temporal-amoblado-3-ambientes-cbalcon-colegiales-_JM: 2 | https://departamento.mercadolibre.com.ar/MLA-3868959096-departamento-en-alquiler-amoblado-temporario-2-pax-lavarropas-recoleta-_JM: 2 | https://departamento.mercadolibre.com.ar/MLA-3770431896-alquiler-temporal-2-ambientes-concepcion-live-colegiales-_JM: 2 | https://departamento.mercadolibre.com.ar/MLA-1981334047-alquiler-temporal-4-ambientes-amoblado-con-cochera-bajo-belgrano-_JM: 2 | https://departamento.mercadolibre.com.ar/MLA-3792111602-departamento-en-puerto-madero-2-ambientes-amob
df_raw_meli_alq_temp,slug,4500,MLA-2698335478-departamento-alquiler-temporario-3-ambientes-amoblado-y-equipado-recoleta-_JM: 2 | MLA-1613951673-departamento-alquiler-temporario-4-ambientes-amoblado-y-equipado-recoleta-_JM: 2 | MLA-3809030658-alquiler-temporal-3-ambientes-puerto-madero-_JM: 2 | MLA-3731193956-alquiler-temporal-amoblado-3-ambientes-cbalcon-colegiales-_JM: 2 | MLA-3868959096-departamento-en-alquiler-amoblado-temporario-2-pax-lavarropas-recoleta-_JM: 2 | MLA-3770431896-alquiler-temporal-2-ambientes-concepcion-live-colegiales-_JM: 2 | MLA-1981334047-alquiler-temporal-4-ambientes-amoblado-con-cochera-bajo-belgrano-_JM: 2 | MLA-3792111602-departamento-en-puerto-madero-2-ambientes-amoblado-_JM: 2 | MLA-1986927303-departamento-dos-ambientes-amoblado-en-alquiler-_JM: 2 | MLA-1582383891-departamento-alquiler-temporario-monoambiente-amoblado-y-equipado-full-amenities-vigilancia-palermo-_JM: 2
df_raw_meli_alq_temp,imagen_principal,4495,https://http2.mlstatic.com/D_NQ_NP_2X_894935-MLA86341465423_062025-E.webp: 3 | https://http2.mlstatic.com/D_NQ_NP_2X_861470-MLA115354722220_082026-E.webp: 3 | https://http2.mlstatic.com/D_NQ_NP_2X_786192-MLA102668267049_122025-E.webp: 2 | https://http2.mlstatic.com/D_NQ_NP_2X_936064-MLA102667552269_122025-E.webp: 2 | https://http2.mlstatic.com/D_NQ_NP_2X_950518-MLA114987131426_082026-E.webp: 2 | https://http2.mlstatic.com/D_NQ_NP_2X_775173-MLA114307029642_082026-E.webp: 2 | https://http2.mlstatic.com/D_NQ_NP_2X_782360-MLA116773788855_082026-E.webp: 2 | https://http2.mlstatic.com/D_NQ_NP_2X_683008-MLA115963493569_082026-E.webp: 2 | https://http2.mlstatic.com/D_NQ_NP_2X_746972-MLA116025845805_082026-E.webp: 2 | https://http2.mlstatic.com/D_NQ_NP_2X_609551-MLA116210242073_082026-E.webp: 2
df_raw_meli_alq_temp,imagen_id,4495,D_NQ_NP_2X_894935-MLA86341465423_062025-E: 3 | D_NQ_NP_2X_861470-MLA115354722220_082026-E: 3 | D_NQ_NP_2X_786192-MLA102668267049_122025-E: 2 | D_NQ_NP_2X_936064-MLA102667552269_122025-E: 2 | D_NQ_NP_2X_950518-MLA114987131426_082026-E: 2 | D_NQ_NP_2X_775173-MLA114307029642_082026-E: 2 | D_NQ_NP_2X_782360-MLA116773788855_082026-E: 2 | D_NQ_NP_2X_683008-MLA115963493569_082026-E: 2 | D_NQ_NP_2X_746972-MLA116025845805_082026-E: 2 | D_NQ_NP_2X_609551-MLA116210242073_082026-E: 2
df_raw_meli_alq_temp,item_id,4494,MLA2698335478: 2 | MLA1613951673: 2 | MLA3809030658: 2 | MLA3731193956: 2 | MLA3868959096: 2 | MLA3770431896: 2 | MLA1981334047: 2 | MLA3792111602: 2 | MLA1986927303: 2 | MLA1582383891: 2
df_raw_meli_alq_temp,direccion,3872,"Teniente Juan Domingo Peron 4100, Almagro, Capital Federal: 36 | Uriarte Al 1600, Palermo, Capital Federal: 26 | Thames Al 2200, Palermo, Capital Federal: 14 | Av. Dorrego 2231, Palermo, Capital Federal: 12 | Av. Dorrego 2187, Palermo Hollywood, Capital Federal: 12 | Buenos Aires, Núñez, Capital Federal: 12 | Agüero Al 1400, Recoleta, Capital Federal: 10 | Av. Dorrego 2231, Palermo Hollywood, Capital Federal: 10 | Vera 256, Villa Crespo, Capital Federal: 10 | Departamento DOS Ambientes – Recoleta – Alquiler Temporal, Recoleta, Capital Federal: 10"
df_raw_meli_alq_temp,titulo,3585,Departamento En Palermo: 98 | Alquiler Temporario Mensual En Buenos Aires: 75 | Departamento En Recoleta: 42 | Departamento Para 2 Personas En Alquiler Temporario En Palermo: 30 | Departamento Para 3 Personas En Alquiler Temporario En Palermo: 28 | Departamento En Alquiler Temporario: 22 | Departamento En Palermo Soho: 21 | Departamento En Puerto Madero: 21 | Departamento En Nuñez: 21 | Departamento En Belgrano: 18
df_raw_meli_alq_temp,calle,2281,Juana Manso Al: 48 | Av. Dorrego: 44 | Paraguay: 41 | Charcas: 37 | Teniente Juan Domingo Peron: 36 | Juana Manso: 34 | Uriarte Al: 30 | Av. Corrientes: 28 | Juncal: 28 | Fitz Roy: 27
df_raw_meli_alq_temp,atributos_texto,707,2 ambs. | 1 baño | 40 m² cubiertos: 298 | 1 amb. | 1 baño | 30 m² cubiertos: 294 | 2 ambs. | 1 baño | 45 m² cubiertos: 208 | 1 amb. | 1 baño | 35 m² cubiertos: 165 | 2 ambs. | 1 baño | 50 m² cubiertos: 144 | 1 amb. | 1 baño | 40 m² cubiertos: 128 | 2 ambs. | 1 baño | 35 m² cubiertos: 127 | 2 ambs. | 1 baño | 42 m² cubiertos: 118 | 1 amb. | 1 baño | 32 m² cubiertos: 101 | 1 amb. | 1 baño | 25 m² cubiertos: 90
df_raw_meli_alq_temp,precio_texto,592,US$ 700: 251 | US$ 600: 214 | US$ 1.000: 214 | US$ 1.200: 209 | US$ 650: 208 | US$ 800: 195 | US$ 750: 192 | US$ 1.500: 189 | US$ 850: 147 | US$ 1.100: 140
df_raw_meli_alq_temp,barrio,72,Palermo: 904 | Recoleta: 671 | Almagro: 342 | Puerto Madero: 333 | Palermo Hollywood: 307 | Belgrano: 306 | San Nicolás: 251 | San Telmo: 236 | Núñez: 214 | Palermo Soho: 192
df_raw_meli_alq_temp,search_url,43,https://inmuebles.mercadolibre.com.ar/departamentos/alquiler-temporal/capital-federal/: 2015 | https://inmuebles.mercadolibre.com.ar/departamentos/alquiler-temporal/capital-federal/palermo/: 945 | https://inmuebles.mercadolibre.com.ar/departamentos/alquiler-temporal/capital-federal/recoleta/: 416 | https://inmuebles.mercadolibre.com.ar/departamentos/alquiler-temporal/capital-federal/almagro/: 216 | https://inmuebles.mercadolibre.com.ar/departamentos/alquiler-temporal/capital-federal/belgrano/: 213 | https://inmuebles.mercadolibre.com.ar/departamentos/alquiler-temporal/capital-federal/puerto-madero/: 212 | https://inmuebles.mercadolibre.com.ar/departamentos/alquiler-temporal/capital-federal/nunez/: 157 | https://inmuebles.mercadolibre.com.ar/departamentos/alquiler-temporal/capital-federal/san-nicolas/: 157 | https://inmuebles.mercadolibre.com.ar/departamentos/alquiler-temporal/capital-federal/caballito/: 156 | https://inmuebles.mercadolibre.com.ar/departamentos/alquiler-temporal/capital
df_raw_meli_alq_temp,inmobiliaria,40,<NA>: 5558 | Alternativa Propiedades: 316 | Situar: 103 | Remax Premium: 50 | Lepore: 22 | Yankel Group: 19 | LA Propiedades: 15 | Sistema Coldwell Banker: 12 | Reynolds Propiedades: 11 | MARTING PROPIEDADES: 8
df_raw_meli_alq_temp,localidad,9,Capital Federal: 6177 | Santa Fe: 4 | Bs.As. Costa Atlántica: 2 | Bs.As. G.B.A. Sur: 2 | Bs.As. G.B.A. Oeste: 1 | Misiones: 1 | Buenos Aires Interior: 1 | Entre Ríos: 1 | Córdoba: 1
df_raw_meli_alq_temp,posesion,4,<NA>: 6180 | Entrega inmediata: 7 | Venta en blanco: 2 | Preventa: 1
df_raw_meli_alq_temp,tipo_superficie,3,cubierta: 5789 | total: 376 | <NA>: 25
df_raw_meli_alq_temp,estado_entrega,3,<NA>: 6179 | entrega_inmediata: 7 | en_pozo: 4
df_raw_meli_alq_temp,moneda,2,USD: 4382 | ARS: 1808
df_raw_meli_alq_temp,provincia,2,Capital Federal: 6177 | <NA>: 13
df_raw_meli_alq_temp,_archivo_origen,2,data\raw\mercadolibre_inmuebles_alquiler temporario\meli_alq_temp_2.csv: 4175 | data\raw\mercadolibre_inmuebles_alquiler temporario\meli_alq_temp_1.csv: 2015
df_raw_meli_alq_temp,fuente,1,Mercado Libre: 6190
df_raw_meli_alq_temp,tipo_propiedad,1,departamento: 6190
df_raw_meli_alq_temp,tipo_operacion,1,alquiler temporal: 6190
df_raw_meli_alq_temp,imagen_extension,1,webp: 6190
df_raw_meli_vtas,imagen_principal,42829,https://http2.mlstatic.com/D_NQ_NP_2X_715270-MLA114255766326_082026-E.webp: 13 | https://http2.mlstatic.com/D_NQ_NP_2X_730764-MLA115588536293_082026-E.webp: 11 | https://http2.mlstatic.com/D_NQ_NP_2X_795649-MLA110836023010_052026-E.webp: 6 | https://http2.mlstatic.com/D_NQ_NP_2X_860516-MLA78496498909_082024-E.webp: 6 | https://http2.mlstatic.com/D_NQ_NP_2X_http://http2.mlstatic.com/resources/frontend/statics/processing-image/1.0.0/I-ES.jpg-E.webp: 5 | https://http2.mlstatic.com/D_NQ_NP_2X_986522-MLA112697747825_062026-E.webp: 5 | https://http2.mlstatic.com/D_NQ_NP_2X_937248-MLA106638292759_022026-E.webp: 4 | https://http2.mlstatic.com/D_NQ_NP_2X_632136-MLA92320578893_092025-E.webp: 4 | https://http2.mlstatic.com/D_NQ_NP_2X_958738-MLA78195873879_082024-E.webp: 4 | https://http2.mlstatic.com/D_NQ_NP_2X_786652-MLA76496904903_052024-E.webp: 4
df_raw_meli_vtas,imagen_id,42828,D_NQ_NP_2X_715270-MLA114255766326_082026-E: 13 | D_NQ_NP_2X_730764-MLA115588536293_082026-E: 11 | <NA>: 6 | D_NQ_NP_2X_795649-MLA110836023010_052026-E: 6 | D_NQ_NP_2X_860516-MLA78496498909_082024-E: 6 | D_NQ_NP_2X_986522-MLA112697747825_062026-E: 5 | D_NQ_NP_2X_937248-MLA106638292759_022026-E: 4 | D_NQ_NP_2X_632136-MLA92320578893_092025-E: 4 | D_NQ_NP_2X_958738-MLA78195873879_082024-E: 4 | D_NQ_NP_2X_786652-MLA76496904903_052024-E: 4
df_raw_meli_vtas,url,42825,https://departamento.mercadolibre.com.ar/MLA-1844045092-mine-migueletes-bajo-belgrano-_JM: 2 | https://departamento.mercadolibre.com.ar/MLA-1576121951-edificio-en-belgrano-_JM: 2 | https://departamento.mercadolibre.com.ar/MLA-2180923204-edificio-en-nunez-_JM: 2 | https://departamento.mercadolibre.com.ar/MLA-1742685247-exclusivos-semipisos-con-residencias-de-3-dormitorios-con-dependencia-en-lo-mejor-de-villa-crespo-_JM: 2 | https://departamento.mercadolibre.com.ar/MLA-3039892666-neuquen-edificio-en-caballito-_JM: 2 | https://departamento.mercadolibre.com.ar/MLA-1413237760-edificio-villa-crespo-_JM: 2 | https://departamento.mercadolibre.com.ar/MLA-2022623536-edificio-en-nunez-_JM: 2 | https://departamento.mercadolibre.com.ar/MLA-1911641826-edificio-en-las-canitas-_JM: 2 | https://departamento.mercadolibre.com.ar/MLA-2022454582-edificio-en-nunez-_JM: 2 | https://departamento.mercadolibre.com.ar/MLA-1464705307-edificio-en-colegiales-_JM: 2
df_raw_meli_vtas,slug,42825,MLA-1844045092-mine-migueletes-bajo-belgrano-_JM: 2 | MLA-1576121951-edificio-en-belgrano-_JM: 2 | MLA-2180923204-edificio-en-nunez-_JM: 2 | MLA-1742685247-exclusivos-semipisos-con-residencias-de-3-dormitorios-con-dependencia-en-lo-mejor-de-villa-crespo-_JM: 2 | MLA-3039892666-neuquen-edificio-en-caballito-_JM: 2 | MLA-1413237760-edificio-villa-crespo-_JM: 2 | MLA-2022623536-edificio-en-nunez-_JM: 2 | MLA-1911641826-edificio-en-las-canitas-_JM: 2 | MLA-2022454582-edificio-en-nunez-_JM: 2 | MLA-1464705307-edificio-en-colegiales-_JM: 2
df_raw_meli_vtas,item_id,42778,MLA1844045092: 2 | MLA1576121951: 2 | MLA2180923204: 2 | MLA1742685247: 2 | MLA3039892666: 2 | MLA1413237760: 2 | MLA2022623536: 2 | MLA1911641826: 2 | MLA2022454582: 2 | MLA1464705307: 2
df_raw_meli_vtas,texto_tarjeta,42183,"Departamento en venta Departamento Mono Ambiente Al Frente A La Venta En Villa Devoto! US$ 89.000 1 amb. 35 m² cubiertos Gabriela Mistral Al 3400, Villa Devoto, Capital Federal Destacado: 9 | Departamento en venta Departamento En Venta En Villa Crespo Apto Crédito 3 Ambientes Con Balcón Cochera Y Pileta. US$ 150.000 3 ambs. 1 baño 49 m² cubiertos Jufré Al 200, Villa Crespo, Capital Federal: 9 | Departamento en venta Departamento En Venta En Mataderos US$ 128.000 2 ambs. 2 baños 59 m² cubiertos Av. Escalada Al 1060. Entre Tapalque Y Jose Enrique Rodo, Mataderos, Capital Federal: 7 | Departamento en venta Departamento En Villa Urquiza US$ 140.420 2 ambs. 2 baños 46 m² cubiertos Miller Al 2300, Villa Urquiza, Capital Federal: 7 | Departamento en venta Departamento En Villa Urquiza US$ 165.760 2 ambs. 2 baños 50 m² cubiertos Miller Al 2300, Villa Urquiza, Capital Federal: 7 | Departamento en venta Departamento Mono Ambiente Al Contrafrente A La Venta En Villa Devoto! US$ 81.000 1 amb. 1 ba"
df_raw_meli_vtas,titulo,30194,Departamento - Nuñez: 357 | Departamento - Belgrano: 253 | Departamento En Venta En Villa Luro: 186 | Departamento - Recoleta: 154 | Departamento En Venta En Liniers: 153 | Departamentos Venta Recoleta: 152 | Departamento En Venta En San Cristobal: 145 | Departamento - Villa Crespo: 140 | Departamento - Palermo: 129 | Departamento - Saavedra: 119
df_raw_meli_vtas,direccion,25964,"Av Avellaneda Al 900, Caballito, Capital Federal: 58 | Ruiz Huidobro 3000, Saavedra, Capital Federal: 55 | Bernardo De Irigoyen Al 1100, San Telmo, Capital Federal: 52 | Malabia 600, Villa Crespo, Capital Federal: 46 | Charlone 1400, Villa Ortúzar, Capital Federal: 46 | Maure Al 4000, Chacarita, Capital Federal: 45 | Olazabal 2600, Entre Amenabar Y Moldes, Belgrano, Capital Federal: 40 | Azucena Villaflor Al 500, Puerto Madero, Capital Federal: 40 | Bernardo De Irigoyen 1100, San Telmo, Capital Federal: 40 | Av. Comodoro Martín Rivadavia Al 1600, Núñez, Capital Federal: 38"
df_raw_meli_vtas,scraped_at_utc,14144,2026-08-15T18:50:46.787904+00:00: 46 | 2026-08-15T18:46:15.496190+00:00: 45 | 2026-08-15T19:12:24.762911+00:00: 45 | 2026-08-15T20:28:21.795488+00:00: 45 | 2026-08-15T20:33:28.530050+00:00: 45 | 2026-08-15T20:35:25.889943+00:00: 45 | 2026-08-15T20:15:36.814217+00:00: 44 | 2026-08-15T20:36:26.352402+00:00: 44 | 2026-08-15T19:15:28.359930+00:00: 43 | 2026-08-15T20:17:16.832851+00:00: 43
df_raw_meli_vtas,calle,10335,Av. Rivadavia: 145 | Nuñez: 142 | Avenida Rivadavia: 137 | Avenida Corrientes: 133 | Juana Manso Al: 122 | Lavalle: 116 | Juana Manso: 114 | Carlos Calvo Al: 107 | Sarmiento: 102 | Vuelta De Obligado Al: 102
df_raw_meli_vtas,precio_texto,6652,US$ 120.000: 566 | US$ 115.000: 561 | US$ 85.000: 549 | US$ 75.000: 543 | US$ 110.000: 532 | US$ 95.000: 521 | US$ 125.000: 515 | US$ 135.000: 444 | US$ 90.000: 423 | US$ 65.000: 420
df_raw_meli_vtas,atributos_texto,3757,2 ambs. | 1 baño | 40 m² cubiertos: 808 | 1 amb. | 1 baño | 30 m² cubiertos: 719 | 2 ambs. | 1 baño | 45 m² cubiertos: 649 | 2 ambs. | 1 baño | 42 m² cubiertos: 610 | 1 amb. | 1 baño | 32 m² cubiertos: 603 | 1 amb. | 1 baño | 31 m² cubiertos: 588 | 2 ambs. | 1 baño | 44 m² cubiertos: 567 | 2 ambs. | 1 baño | 43 m² cubiertos: 552 | 1 amb. | 1 baño | 35 m² cubiertos: 552 | 2 ambs. | 1 baño | 46 m² cubiertos: 542
df_raw_meli_vtas,inmobiliaria,98,<NA>: 34891 | Interwin: 1469 | Lepore: 1091 | Remax Premium: 697 | Sistema Coldwell Banker: 661 | Korn Propiedades: 471 | LA Propiedades: 427 | Martin Pinus: 349 | LJ Ramos Brokers Inmobiliarios: 265 | Situar: 263
df_raw_meli_vtas,barrio,69,Belgrano: 2219 | Palermo: 2214 | Caballito: 2177 | Recoleta: 2153 | Núñez: 2123 | Villa Urquiza: 2113 | Villa Crespo: 2090 | Almagro: 2085 | Balvanera: 2066 | Flores: 1920
df_raw_meli_vtas,search_url,49,https://inmuebles.mercadolibre.com.ar/departamentos/venta/capital-federal/: 4032 | https://inmuebles.mercadolibre.com.ar/departamentos/venta/capital-federal/balvanera/: 1976 | https://inmuebles.mercadolibre.com.ar/departamentos/venta/capital-federal/villa-urquiza/: 1949 | https://inmuebles.mercadolibre.com.ar/departamentos/venta/capital-federal/villa-crespo/: 1944 | https://inmuebles.mercadolibre.com.ar/departamentos/venta/capital-federal/almagro/: 1941 | https://inmuebles.mercadolibre.com.ar/departamentos/venta/capital-federal/nunez/: 1909 | https://inmuebles.mercadolibre.com.ar/departamentos/venta/capital-federal/flores/: 1868 | https://inmuebles.mercadolibre.com.ar/departamentos/venta/capital-federal/recoleta/: 1851 | https://inmuebles.mercadolibre.com.ar/departamentos/venta/capital-federal/caballito/: 1847 | https://inmuebles.mercadolibre.com.ar/departamentos/venta/capital-federal/palermo/: 1817
df_raw_meli_vtas,posesion,7,<NA>: 42733 | Venta en blanco: 829 | Entrega inmediata: 361 | Preventa: 51 | Inmediata: 18 | Venta en verde: 14 | Pronta entrega: 7
df_raw_meli_vtas,localidad,5,Capital Federal: 44008 | Santa Fe: 2 | Bs.As. Costa Atlántica: 1 | Recoleta: 1 | Bs.As. G.B.A. Sur: 1
df_raw_meli_vtas,estado_entrega,5,<NA>: 41243 | en_pozo: 1621 | en_construccion: 657 | entrega_inmediata: 485 | proxima_entrega: 7
df_raw_meli_vtas,tipo_superficie,3,cubierta: 43069 | total: 902 | <NA>: 42
df_raw_meli_vtas,moneda,2,USD: 44010 | ARS: 3
df_raw_meli_vtas,provincia,2,Capital Federal: 44009 | <NA>: 4
df_raw_meli_vtas,imagen_extension,2,webp: 44012 | jpg: 1
df_raw_meli_vtas,_archivo_origen,2,data\raw\mercadolibre_inmuebles_ventas\meli_vtas_2.csv: 41997 | data\raw\mercadolibre_inmuebles_ventas\meli_vtas_1.csv: 2016
df_raw_meli_vtas,fuente,1,Mercado Libre: 44013
df_raw_meli_vtas,tipo_propiedad,1,departamento: 44013
df_raw_meli_vtas,tipo_operacion,1,venta: 44013
df_raw_zonaprop,property_id,980,174f7e930591b69560cf: 1 | 20ca395ef7fec01725e3: 1 | 1f1de14646c5f6ebf54a: 1 | 8c1454136d0e9219743b: 1 | 2c5245d12929a5c3e9f7: 1 | 16c577d04289dc6710b1: 1 | 96390dbc04483d011ab8: 1 | 0dd8b84d61c958cea802: 1 | c88b837b77d82a87de40: 1 | 4d81c7a8adf37e7e205a: 1
df_raw_zonaprop,url,980,https://www.zonaprop.com.ar/propiedades/clasificado/veclapin-2-ambientes-a-estrenar-ideal-vivienda-o-inversion-59559283.html: 1 | https://www.zonaprop.com.ar/propiedades/clasificado/veclapin-departamento-en-venta-o-alquiler-en-monserrat-58237965.html: 1 | https://www.zonaprop.com.ar/propiedades/clasificado/veclapin-juncal-y-carlos-pellegrini-59215305.html: 1 | https://www.zonaprop.com.ar/propiedades/emprendimiento/ememvein-alvear-tower-56365379.html: 1 | https://www.zonaprop.com.ar/propiedades/clasificado/veclapin-departamento-en-venta-ubicado-en-puerto-madero-58984098.html: 1 | https://www.zonaprop.com.ar/propiedades/clasificado/veclapin-departamento-de-3-ambientes-en-venta-en-caballito-59758532.html: 1 | https://www.zonaprop.com.ar/propiedades/clasificado/veclapin-teodoro-garcia-y-av-luis-maria-campos-59558630.html: 1 | https://www.zonaprop.com.ar/propiedades/emprendimiento/ememvein-av-san-juan-2402-san-cristobal-capital-federal-56862866.html: 1 | https://www.zonaprop.com.ar/propieda
df_raw_zonaprop,scraped_at_utc,980,2026-08-17T20:48:48.072806+00:00: 1 | 2026-08-17T20:48:48.090095+00:00: 1 | 2026-08-17T20:48:48.106647+00:00: 1 | 2026-08-17T20:48:48.123989+00:00: 1 | 2026-08-17T20:48:48.142080+00:00: 1 | 2026-08-17T20:48:48.158409+00:00: 1 | 2026-08-17T20:48:48.174842+00:00: 1 | 2026-08-17T20:48:48.191418+00:00: 1 | 2026-08-17T20:48:48.208274+00:00: 1 | 2026-08-17T20:48:48.224762+00:00: 1
df_raw_zonaprop,imagen_principal,980,https://imgar.zonapropcdn.com/avisos/1/00/59/55/92/83/360x266/2064166730.jpg?isFirstImage=true: 1 | https://imgar.zonapropcdn.com/avisos/1/00/58/23/79/65/360x266/2029326409.jpg?isFirstImage=true: 1 | https://imgar.zonapropcdn.com/avisos/1/00/59/21/53/05/360x266/2055455814.jpg?isFirstImage=true: 1 | https://imgar.zonapropcdn.com/avisos/1/00/56/36/53/79/720x532/1978992570.jpg?isFirstImage=true: 1 | https://imgar.zonapropcdn.com/avisos/1/00/58/98/40/98/360x266/2049493898.jpg?isFirstImage=true: 1 | https://imgar.zonapropcdn.com/avisos/1/00/59/75/85/32/360x266/2068993966.jpg?isFirstImage=true: 1 | https://imgar.zonapropcdn.com/avisos/1/00/59/55/86/30/360x266/2064147086.jpg?isFirstImage=true: 1 | https://imgar.zonapropcdn.com/avisos/1/00/56/86/28/66/720x532/1992506990.jpg?isFirstImage=true: 1 | https://imgar.zonapropcdn.com/avisos/1/00/59/69/35/84/360x266/2067406248.jpg?isFirstImage=true: 1 | https://imgar.zonapropcdn.com/avisos/1/00/59/84/63/12/360x266/2071124275.jpg?isFirstImage=true: 1
df_raw_zonaprop,atributos_extra_json,978,"{""texto_tarjeta"": ""USD 1.400 $ 450.000 Expensas 120 m² tot. 3 amb. 2 dorm. 2 baños Avenida Coronel Díaz 2400 Recoleta, Capital Federal Impecable semipiso! Balcón corrido al frente con espectacular vista al parque las heras! Muy luminoso! Todo luz y sol! Excelente distribución! Amoblado Y equipado! Hall de entrada! Living-comedor! Toilette de recepción! Hall de distribución! 2 Dormitorios! 3er Dormitorio o escritorio! Placares! Baño completo con ventilación natural! Cocina completa! Lavadero independiente! Dependencia de servicio con su baño con ventilación natural! Entrada de servicio! Losa radiante! 2 Splits frío-calor! Servicios centrales! Pisos de madera! El encargado vive en el edificio! 2 Ascensores! Todos los medios de transporte! Inmejorable ubicación! único! Oportunidad! * Esta propiedad no cuenta con acceso para personas con movilidad reducida. *Las descripciones, medidas, superficies y proporciones consignadas en esta ficha son aproximadas, sólo se muestran a modo orientativo"
df_raw_zonaprop,titulo,974,"Exclusivo Penthouse amoblado en alquiler – Palermo Soho - posibilidad de alquilarlo vacio o amoblado - gran terraza propiaimponente penthouse dúplex de 3 ambientes que combina diseño, amplitud y vistas abiertas en un edificio de excelente calidad constructiva en el corazón de Palermo Soho. Planta Baja: Un gran living comedor con salida al balcón, con mucha luz natural. Cocina moderna totalmente equipada, con amplios espacios de guardado. Toilette de recepción con detalles de categoría. Bajo escalera con baulera profunda. Planta Alta: Dos suites principales con vestidores muy amplias y salida a balcones privados, un de ellas con gran terraza propia, ideales para disfrutar del sol y la tranquilidad. Detalles adicionales: Cochera fija cubierta en planta bajaTerminaciones de primera calidadCalefacción y aire acondicionado por split frío / calor. Cocina y horno eléctricos. Amenities: Piscina con soláriumParrillaLaundrySeguridad y vigilancia 24 hsCada rincón de esta propiedad fue diseñado pa"
df_raw_zonaprop,inmobiliaria,868,USD 700: 9 | Consultar precio: 8 | USD 1.100: 7 | $ 600.000 $ 150.000 Expensas: 6 | USD 1.500: 6 | USD 600: 5 | USD 1.300: 5 | USD 2.500: 4 | USD 2.000: 3 | USD 1.600: 3
df_raw_zonaprop,precio_texto,467,USD 1.500: 18 | USD 2.000: 16 | USD 1.200: 16 | USD 1.000: 15 | USD 650: 15 | $ 900.000: 14 | USD 2.500: 13 | USD 700: 13 | USD 1.100: 13 | $ 600.000: 12
df_raw_zonaprop,expensas_texto,183,<NA>: 326 | Expensas 50: 22 | Expensas 35: 22 | Expensas 45: 18 | Expensas 38: 18 | Expensas 34: 17 | Expensas 47: 16 | Expensas 40: 16 | Expensas 55: 16 | Expensas 60: 14
df_raw_zonaprop,direccion_completa,62,"Palermo, Capital Federal: 117 | Recoleta, Capital Federal: 105 | Puerto Madero, Capital Federal: 91 | Belgrano, Capital Federal: 81 | Palermo Hollywood, Palermo: 41 | Caballito, Capital Federal: 40 | Núñez, Capital Federal: 40 | Almagro, Capital Federal: 36 | Las Cañitas, Palermo: 31 | Retiro, Capital Federal: 30"
df_raw_zonaprop,calle,61,Palermo: 117 | Recoleta: 105 | Puerto Madero: 91 | Belgrano: 81 | Palermo Hollywood: 41 | Caballito: 40 | Núñez: 40 | Almagro: 36 | Las Cañitas: 31 | Retiro: 30
df_raw_zonaprop,piso,6,<NA>: 613 | alermo: 254 | uerto: 91 | arque: 14 | ueyrred: 4 | aternal: 4
df_raw_zonaprop,search_url,3,https://www.zonaprop.com.ar/departamentos-venta-capital-federal.html: 485 | https://www.zonaprop.com.ar/departamentos-alquiler-capital-federal.html: 262 | https://www.zonaprop.com.ar/inmuebles-alquiler-temporal-capital-federal.html: 233
df_raw_zonaprop,moneda,3,USD: 819 | ARS: 153 | <NA>: 8
df_raw_zonaprop,tipo_operacion,2,alquiler: 495 | venta: 485
df_raw_zonaprop,expensas_moneda,2,<NA>: 978 | ARS: 2
df_raw_zonaprop,fuente,1,Zonaprop: 980
df_raw_zonaprop,parse_warnings,1,modo_listado_sin_ficha_detallada: 980
df_raw_zonaprop,_archivo_origen,1,data\raw\zonaprop\propiedades_zonaprop.csv: 980
