,pagina_origen,precio,desde,ambientes_min,ambientes_max,banios_min,banios_max,dormitorios_min,dormitorios_max,superficie_min_m2,superficie_max_m2,destacado,emprendimiento,posesion,unidades_disponibles,parse_warnings,posicion_pagina,altura,comuna,precio_anterior,descuento_pct,precio_m2_min,precio_m2_max,amplitud_superficie_m2,es_rango_superficie,es_rango_ambientes,monoambiente,apto_credito,balcon,terraza,pileta,parrilla,cochera_mencionada,amenities_mencionadas,cantidad_atributos,completitud_pct,precio_m2_ref,superficie_ref_m2,ambientes_ref,banios_ref,dormitorios_ref,inmobiliaria_is_null,barrio_is_null,ambientes_min_is_null,ambientes_max_is_null,banios_min_is_null,banios_max_is_null,dormitorios_min_is_null,dormitorios_max_is_null,superficie_min_m2_is_null,superficie_max_m2_is_null,tipo_superficie_is_null,posesion_is_null,unidades_disponibles_is_null,atributos_texto_is_null,parse_warnings_is_null,altura_is_null,comuna_is_null,precio_anterior_is_null,descuento_pct_is_null
pagina_origen,1.0,-0.015481571569244595,0.006975849201320857,0.03681618215112013,0.03681618215112013,0.0285807187014995,0.0285807187014995,0.21463099592865229,0.21463099592865229,0.031876825268195776,0.031876825268195776,-0.12771258345813957,-0.011412654233371297,,,,0.02520747944368518,0.011263320144838553,0.07561169785467206,0.28333749237665995,0.265730691564012,-0.023461027709523713,-0.023461027709523713,,,,-0.02766641813093511,0.002082825540095748,-0.03014052412897192,-0.006700882314985288,0.020350889424626668,5.5644201828982846e-05,0.04043578017917948,0.026270101262284223,0.00962754033491822,-0.022375434044540954,-0.023461027709523713,0.031876825268195776,0.03681618215112013,0.0285807187014995,0.21463099592865229,0.029330743493484884,0.037485326356101516,-0.0052318198556864995,-0.0052318198556864995,-0.008099898635464647,-0.008099898635464647,-0.005884479200727918,-0.005884479200727918,0.00196166992297447,0.00196166992297447,0.00196166992297447,,,-0.01226465251524295,,-0.03377986482261703,0.06943221878860131,0.007455683835751731,0.007455683835751731
precio,-0.015481571569244595,1.0,0.008652195720221533,0.03900068747056708,0.03900068747056708,-0.02395018295668889,-0.02395018295668889,0.34420122860600944,0.34420122860600944,-0.026375742479642823,-0.026375742479642823,-0.004273653014348792,0.009201402829836012,,,,-0.012976410583918494,0.029460926468159513,0.07801967184963605,0.0325497647657454,-0.42609943751353163,0.7596302451883419,0.7596302451883419,,,,-0.0465486891632998,0.01264395279438555,0.037509149137274864,-0.001964877013531596,0.005865239270709175,0.024924269372738537,-0.005512265470608238,-0.01981570071941396,0.019466105288637882,-0.001474713632445215,0.7596302451883419,-0.026375742479642823,0.03900068747056708,-0.02395018295668889,0.34420122860600944,0.01739979981591132,-0.0020027560527634105,-0.01442736709661974,-0.01442736709661974,-0.016325786252277638,-0.016325786252277638,0.00340946026679986,0.00340946026679986,-0.00044507273621243376,-0.00044507273621243376,-0.00044507273621243376,,,0.0008632818532171135,,-0.01928623557296978,0.006624052805296716,-0.0036202231517206284,-0.0036202231517206284
desde,0.006975849201320857,0.008652195720221533,1.0,0.004593873402864561,0.004593873402864561,-0.0009492101977936242,-0.0009492101977936242,,,0.00042123018721415594,0.00042123018721415594,0.007609760843722286,-0.0005512796142423676,,,,0.002244256245302458,0.006797884375625264,-0.008478972171550058,,,0.0009327112160430756,0.0009327112160430756,,,,-0.010186512535631234,-0.0008892217177037647,0.00387557373283027,-0.005017923870145281,-0.00422893929693928,0.020018769124563112,0.020621245396723886,0.015404932762648899,-0.008722067052269763,-0.011632140192322291,0.0009327112160430756,0.00042123018721415594,0.004593873402864561,-0.0009492101977936242,,0.00914029936894225,-0.0012582629164039003,0.014892339513902555,0.014892339513902555,-0.0036571619038464546,-0.0036571619038464546,0.0016193529174995875,0.0016193529174995875,-0.001746727828636437,-0.001746727828636437,-0.001746727828636437,,,-0.0004269821416186954,,-0.010793290726201304,-0.003767782577330401,0.0011305755575967465,0.0011305755575967465
ambientes_min,0.03681618215112013,0.03900068747056708,0.004593873402864561,1.0,1.0,0.26213148203303893,0.26213148203303893,,,0.2941153464972368,0.2941153464972368,0.03355525793768912,0.008283406880705155,,,,0.005910114103520877,0.00712381386822589,-0.02745010800358015,0.07441689008004813,-0.33663805824216175,-0.06910788374023813,-0.06910788374023813,,,,-0.5703436461666657,0.018216283988812955,-0.0412814789000822,0.038049754197352875,-0.027431158733718698,0.0021942839739731847,0.19166102283794287,-0.04379085356760474,0.0028756462271518905,0.01182653970637864,-0.06910788374023813,0.2941153464972368,1.0,0.26213148203303893,,-0.01371396617035443,0.017126414136671098,,,-0.011840779296643515,-0.011840779296643515,,,0.01704524372997768,0.01704524372997768,0.01704524372997768,,,,,-0.017934747084583872,0.0030850568297583086,0.010906997962528864,0.010906997962528864
ambientes_max,0.03681618215112013,0.03900068747056708,0.004593873402864561,1.0,1.0,0.26213148203303893,0.26213148203303893,,,0.2941153464972368,0.2941153464972368,0.03355525793768912,0.008283406880705155,,,,0.005910114103520877,0.00712381386822589,-0.02745010800358015,0.07441689008004813,-0.33663805824216175,-0.06910788374023813,-0.06910788374023813,,,,-0.5703436461666657,0.018216283988812955,-0.0412814789000822,0.038049754197352875,-0.027431158733718698,0.0021942839739731847,0.19166102283794287,-0.04379085356760474,0.0028756462271518905,0.01182653970637864,-0.06910788374023813,0.2941153464972368,1.0,0.26213148203303893,,-0.01371396617035443,0.017126414136671098,,,-0.011840779296643515,-0.011840779296643515,,,0.01704524372997768,0.01704524372997768,0.01704524372997768,,,,,-0.017934747084583872,0.0030850568297583086,0.010906997962528864,0.010906997962528864
banios_min,0.0285807187014995,-0.02395018295668889,-0.0009492101977936242,0.26213148203303893,0.26213148203303893,1.0,1.0,0.2626808091984103,0.2626808091984103,0.20649545345164672,0.20649545345164672,0.07394488045143556,0.001809243888172543,,,,-0.004845938201902399,-0.002606961219570804,-0.03888332995169697,-0.09558649645483633,-0.15973011272305396,-0.0504010061893511,-0.0504010061893511,,,,-0.12728668777559995,0.009855273398067754,-0.04978919690718757,0.037239250966411466,0.011239837981612067,0.024896637697313546,0.13642193520205806,0.019368004654690688,0.03010183027257977,0.02984275907072743,-0.0504010061893511,0.20649545345164672,0.26213148203303893,1.0,0.2626808091984103,-0.01801917389503868,-0.002461576253987153,-0.032213464720918766,-0.032213464720918766,,,0.0051268299055900355,0.0051268299055900355,0.0004187558522923484,0.0004187558522923484,0.0004187558522923484,,,,,0.01948773354983383,0.000497457718210688,0.008331680003548102,0.008331680003548102
banios_max,0.0285807187014995,-0.02395018295668889,-0.0009492101977936242,0.26213148203303893,0.26213148203303893,1.0,1.0,0.2626808091984103,0.2626808091984103,0.20649545345164672,0.20649545345164672,0.07394488045143556,0.001809243888172543,,,,-0.004845938201902399,-0.002606961219570804,-0.03888332995169697,-0.09558649645483633,-0.15973011272305396,-0.0504010061893511,-0.0504010061893511,,,,-0.12728668777559995,0.009855273398067754,-0.04978919690718757,0.037239250966411466,0.011239837981612067,0.024896637697313546,0.13642193520205806,0.019368004654690688,0.03010183027257977,0.02984275907072743,-0.0504010061893511,0.20649545345164672,0.26213148203303893,1.0,0.2626808091984103,-0.01801917389503868,-0.002461576253987153,-0.032213464720918766,-0.032213464720918766,,,0.0051268299055900355,0.0051268299055900355,0.0004187558522923484,0.0004187558522923484,0.0004187558522923484,,,,,0.01948773354983383,0.000497457718210688,0.008331680003548102,0.008331680003548102
dormitorios_min,0.21463099592865229,0.34420122860600944,,,,0.2626808091984103,0.2626808091984103,1.0,1.0,0.5525847176686683,0.5525847176686683,-0.09046835805696825,,,,,-0.02385066795272982,-0.04679095784113008,0.06957589978193825,,,-0.04604815295711846,-0.04604815295711846,,,,-0.1294924425707031,-0.09046835805696815,-0.18776690404970267,-0.09046835805696825,,,-0.12949244257070308,-0.21267407730585022,0.09046835805696839,0.40736749485209206,-0.04604815295711846,0.5525847176686683,,0.2626808091984104,1.0,,-0.3859512058969805,,,-0.09046835805696825,-0.09046835805696825,,,,,,,,,,-0.3859512058969805,-0.3859512058969805,,
dormitorios_max,0.21463099592865229,0.34420122860600944,,,,0.2626808091984103,0.2626808091984103,1.0,1.0,0.5525847176686683,0.5525847176686683,-0.09046835805696825,,,,,-0.02385066795272982,-0.04679095784113008,0.06957589978193825,,,-0.04604815295711846,-0.04604815295711846,,,,-0.1294924425707031,-0.09046835805696815,-0.18776690404970267,-0.09046835805696825,,,-0.12949244257070308,-0.21267407730585022,0.09046835805696839,0.40736749485209206,-0.04604815295711846,0.5525847176686683,,0.2626808091984104,1.0,,-0.3859512058969805,,,-0.09046835805696825,-0.09046835805696825,,,,,,,,,,-0.3859512058969805,-0.3859512058969805,,
superficie_min_m2,0.031876825268195776,-0.026375742479642823,0.00042123018721415594,0.2941153464972368,0.2941153464972368,0.20649545345164672,0.20649545345164672,0.5525847176686683,0.5525847176686683,1.0,1.0,0.05905737214117237,-0.0036448474495981765,,,,-0.006313459992740042,-0.017865816916759477,-0.045708481678290544,-0.013611134861695604,-0.22980983066388752,-0.07701670241953071,-0.07701670241953071,,,,-0.17979437133034865,0.004300744318305644,-0.04635785999232457,0.03563056754857784,0.0005994488196828697,0.00653799898971853,0.12614184383365287,-0.0039547579558202595,0.0188105586229436,0.030690819109386154,-0.07701670241953071,1.0,0.2941153464972368,0.20649545345164672,0.5525847176686683,-0.024555210291245456,-0.003375230481313649,-0.04286426141153876,-0.04286426141153876,0.02203416186104106,0.02203416186104106,0.0040102624077343555,0.0040102624077343555,,,,,,,,0.011173120018482108,-0.005885439517958689,0.01057822947228557,0.01057822947228557
superficie_max_m2,0.031876825268195776,-0.026375742479642823,0.00042123018721415594,0.2941153464972368,0.2941153464972368,0.20649545345164672,0.20649545345164672,0.5525847176686683,0.5525847176686683,1.0,1.0,0.05905737214117237,-0.0036448474495981765,,,,-0.006313459992740042,-0.017865816916759477,-0.045708481678290544,-0.013611134861695604,-0.22980983066388752,-0.07701670241953071,-0.07701670241953071,,,,-0.17979437133034865,0.004300744318305644,-0.04635785999232457,0.03563056754857784,0.0005994488196828697,0.00653799898971853,0.12614184383365287,-0.0039547579558202595,0.0188105586229436,0.030690819109386154,-0.07701670241953071,1.0,0.2941153464972368,0.20649545345164672,0.5525847176686683,-0.024555210291245456,-0.003375230481313649,-0.04286426141153876,-0.04286426141153876,0.02203416186104106,0.02203416186104106,0.0040102624077343555,0.0040102624077343555,,,,,,,,0.011173120018482108,-0.005885439517958689,0.01057822947228557,0.01057822947228557
destacado,-0.12771258345813957,-0.004273653014348792,0.007609760843722286,0.03355525793768912,0.03355525793768912,0.07394488045143556,0.07394488045143556,-0.09046835805696825,-0.09046835805696825,0.05905737214117237,0.05905737214117237,1.0,-0.00869169496979335,,,,-0.09265334041704651,0.031171512252662934,0.0045482349121400275,-0.19802828851850338,-0.19909705125853064,-0.014483312808595517,-0.014483312808595517,,,,-0.007159155329515726,-0.014019825386466827,-0.016780868730908872,-0.010842221482366738,-0.002207154106559452,-0.02189652785848251,0.03720937053016605,-0.0011111503892236175,0.03522448732724873,0.13671372676809304,-0.014483312808595517,0.05905737214117237,0.03355525793768913,0.07394488045143556,-0.09046835805696825,-0.1465963127198077,-0.004345471550764354,-0.040729747733399796,-0.040729747733399796,-0.017911491901847824,-0.017911491901847824,0.021512682511549544,0.021512682511549544,-0.0014442057181629042,-0.0014442057181629042,-0.0014442057181629042,,,-0.006731971283935781,,0.06466855109531087,0.04067301958212484,0.0005900662812725601,0.0005900662812725601
emprendimiento,-0.011412654233371297,0.009201402829836012,-0.0005512796142423676,0.008283406880705155,0.008283406880705155,0.001809243888172543,0.001809243888172543,,,-0.0036448474495981765,-0.0036448474495981765,-0.00869169496979335,1.0,,,,0.00015569478026377246,0.023257311479228823,0.002036656061668977,,,0.005532717789707941,0.005532717789707941,,,,-0.013734844849130984,-0.0007028995848780387,-0.010181697819470986,-0.003966498495316515,-0.003342832970801686,-0.0029583369608026456,-0.0077325157967544035,-0.006413249470777069,-0.049961858612735076,-0.03386878288685321,0.005532717789707941,-0.003644847449598176,0.008283406880705155,0.0018092438881725425,,0.007225096400795368,-0.0009946141260377668,0.07034291066764513,0.07034291066764513,-0.002890862349475186,-0.002890862349475186,0.0012800435153800995,0.0012800435153800995,-0.0013807290591304475,-0.0013807290591304475,-0.0013807290591304475,,,-0.0003375148898399943,,-0.008531729961010998,-0.0029783042370525314,0.0008936816030095795,0.0008936816030095795
posesion,,,,,,,,,,,,,,,,,,,,,,,,,,,,,,,,,,,,,,,,,,,,,,,,,,,,,,,,,,,,
unidades_disponibles,,,,,,,,,,,,,,,,,,,,,,,,,,,,,,,,,,,,,,,,,,,,,,,,,,,,,,,,,,,,
parse_warnings,,,,,,,,,,,,,,,,,,,,,,,,,,,,,,,,,,,,,,,,,,,,,,,,,,,,,,,,,,,,
posicion_pagina,0.02520747944368518,-0.012976410583918494,0.002244256245302458,0.005910114103520877,0.005910114103520877,-0.004845938201902399,-0.004845938201902399,-0.02385066795272982,-0.02385066795272982,-0.006313459992740042,-0.006313459992740042,-0.09265334041704651,0.00015569478026377246,,,,1.0,-0.008343699507588268,-0.003982039185441277,-0.08874643929274789,0.0406740252803658,-0.012221105882888723,-0.012221105882888723,,,,-0.012049941701031512,-0.009349765888284331,-0.009178470945930573,0.013064484361997726,0.0022968650471497628,0.012416444941837598,-0.0023676680193596535,0.013749462487144646,0.015511783025838147,-0.0031773672226381162,-0.012221105882888723,-0.006313459992740026,0.005910114103520895,-0.0048459382019024,-0.023850667952729818,0.017020609271880805,-0.00226128527508163,-0.014886050954296928,-0.014886050954296928,-0.007650098693813147,-0.007650098693813147,0.00503422625329723,0.00503422625329723,-0.004848948059197123,-0.004848948059197123,-0.004848948059197123,,,-0.02179987917512019,,-0.01696088964797521,-0.023072072447912734,0.0055319075687187,0.0055319075687187
altura,0.011263320144838553,0.029460926468159513,0.006797884375625264,0.00712381386822589,0.00712381386822589,-0.002606961219570804,-0.002606961219570804,-0.04679095784113008,-0.04679095784113008,-0.017865816916759477,-0.017865816916759477,0.031171512252662934,0.023257311479228823,,,,-0.008343699507588268,1.0,0.4018205574747233,-0.2732732993097645,-0.39981683174663446,0.028419013746289346,0.028419013746289346,,,,-0.014105551052164067,-0.009030705819271763,0.028862278101842102,0.02294015915552992,0.03493795052385861,0.031661557638033834,0.004689087880215213,0.06635446698462043,0.005277041895640553,-0.006861794995792811,0.028419013746289346,-0.017865816916759494,0.0071238138682259,-0.002606961219570796,-0.04679095784113004,0.013680000265998976,-0.010738505370466682,0.01304311492203579,0.01304311492203579,-0.03810003374854845,-0.03810003374854845,-0.002753775707486758,-0.002753775707486758,0.014029641802346225,0.014029641802346225,0.014029641802346225,,,-0.00246486464611692,,,-0.013560261483790659,0.0031397457178683895,0.0031397457178683895
comuna,0.07561169785467206,0.07801967184963605,-0.008478972171550058,-0.02745010800358015,-0.02745010800358015,-0.03888332995169697,-0.03888332995169697,0.06957589978193825,0.06957589978193825,-0.045708481678290544,-0.045708481678290544,0.0045482349121400275,0.002036656061668977,,,,-0.003982039185441277,0.4018205574747233,1.0,-0.9750135807779263,-0.6275283660033405,0.0546385176547709,0.0546385176547709,,,,0.007398443308584467,0.009035106896595512,0.07680321496713201,0.0496007694467942,0.06581762770124766,0.06569858905780251,0.026652483788920798,0.0804306144465467,0.015311564237129538,0.004032662574053791,0.0546385176547709,-0.04570848167829056,-0.027450108003580158,-0.03888332995169697,0.06957589978193823,0.004069360843210162,,0.01742206739501908,0.01742206739501908,-0.04170696629251158,-0.04170696629251158,-0.013300474707861233,-0.013300474707861233,-0.0007929894981447261,-0.0007929894981447261,-0.0007929894981447261,,,-0.002830001554356793,,-0.038953601962055225,,0.0004869676330862773,0.0004869676330862773
precio_anterior,0.28333749237665995,0.0325497647657454,,0.07441689008004813,0.07441689008004813,-0.09558649645483633,-0.09558649645483633,,,-0.013611134861695604,-0.013611134861695604,-0.19802828851850338,,,,,-0.08874643929274789,-0.2732732993097645,-0.9750135807779263,1.0,0.7496817463371163,-0.09551285967118321,-0.09551285967118321,,,,-0.38049330201110537,,-0.1078334476611854,,,,-0.10854307470164692,-0.19802828851850338,-0.41520068814216016,-0.41520068814215894,-0.09551285967118321,-0.013611134861695615,0.07441689008004806,-0.09558649645483633,,,,0.41520068814216,0.41520068814216,0.41520068814216,0.41520068814216,,,,,,,,,,-0.1558751021226939,-0.46292486327937776,,
descuento_pct,0.265730691564012,-0.42609943751353163,,-0.33663805824216175,-0.33663805824216175,-0.15973011272305396,-0.15973011272305396,,,-0.22980983066388752,-0.22980983066388752,-0.19909705125853064,,,,,0.0406740252803658,-0.39981683174663446,-0.6275283660033405,0.7496817463371163,1.0,-0.22278115990701153,-0.22278115990701153,,,,0.03327054550989336,,-0.025590701147416024,,,,-0.1546159206136522,-0.19909705125853064,-0.3460257304620126,-0.3460257304620118,-0.22278115990701153,-0.22980983066388752,-0.33663805824216175,-0.15973011272305396,,,,0.3460257304620125,0.3460257304620125,0.3460257304620125,0.3460257304620125,,,,,,,,,,-0.13811902617458183,-0.6841921239602552,,
precio_m2_min,-0.023461027709523713,0.7596302451883419,0.0009327112160430756,-0.06910788374023813,-0.06910788374023813,-0.0504010061893511,-0.0504010061893511,-0.04604815295711846,-0.04604815295711846,-0.07701670241953071,-0.07701670241953071,-0.014483312808595517,0.005532717789707941,,,,-0.012221105882888723,0.028419013746289346,0.0546385176547709,-0.09551285967118321,-0.22278115990701153,1.0,1.0,,,,0.05736426057681019,-0.001981606980741111,0.030635914302525304,-0.00040797980822336675,0.013269261070099613,0.021466018620865192,-0.04845633345780977,-0.0027789117192080865,-0.006790006905825094,-0.01625370191374972,1.0,-0.07701670241953071,-0.06910788374023812,-0.050401006189351116,-0.04604815295711849,0.017258882720820896,-0.0019814818338047234,0.009855486366036037,0.009855486366036037,-0.003986985688783576,-0.003986985688783576,0.00536985211076096,0.00536985211076096,,,,,,,,-0.019015100853797803,0.0017255539667175197,-0.021253619136260015,-0.021253619136260015
precio_m2_max,-0.023461027709523713,0.7596302451883419,0.0009327112160430756,-0.06910788374023813,-0.06910788374023813,-0.0504010061893511,-0.0504010061893511,-0.04604815295711846,-0.04604815295711846,-0.07701670241953071,-0.07701670241953071,-0.014483312808595517,0.005532717789707941,,,,-0.012221105882888723,0.028419013746289346,0.0546385176547709,-0.09551285967118321,-0.22278115990701153,1.0,1.0,,,,0.05736426057681019,-0.001981606980741111,0.030635914302525304,-0.00040797980822336675,0.013269261070099613,0.021466018620865192,-0.04845633345780977,-0.0027789117192080865,-0.006790006905825094,-0.01625370191374972,1.0,-0.07701670241953071,-0.06910788374023812,-0.050401006189351116,-0.04604815295711849,0.017258882720820896,-0.0019814818338047234,0.009855486366036037,0.009855486366036037,-0.003986985688783576,-0.003986985688783576,0.00536985211076096,0.00536985211076096,,,,,,,,-0.019015100853797803,0.0017255539667175197,-0.021253619136260015,-0.021253619136260015
amplitud_superficie_m2,,,,,,,,,,,,,,,,,,,,,,,,,,,,,,,,,,,,,,,,,,,,,,,,,,,,,,,,,,,,
es_rango_superficie,,,,,,,,,,,,,,,,,,,,,,,,,,,,,,,,,,,,,,,,,,,,,,,,,,,,,,,,,,,,
es_rango_ambientes,,,,,,,,,,,,,,,,,,,,,,,,,,,,,,,,,,,,,,,,,,,,,,,,,,,,,,,,,,,,
monoambiente,-0.02766641813093511,-0.0465486891632998,-0.010186512535631234,-0.5703436461666657,-0.5703436461666657,-0.12728668777559995,-0.12728668777559995,-0.1294924425707031,-0.1294924425707031,-0.17979437133034865,-0.17979437133034865,-0.007159155329515726,-0.013734844849130984,,,,-0.012049941701031512,-0.014105551052164067,0.007398443308584467,-0.38049330201110537,0.03327054550989336,0.05736426057681019,0.05736426057681019,,,,1.0,0.0004088488411795993,0.06044440837079656,-0.030877214540395003,0.041670126951937045,0.021469845346610814,-0.15402048466968096,0.06278734713708267,-0.06444779950580416,-0.01810797647598451,0.05736426057681017,-0.17979437133034865,-0.5703436461666657,-0.12728668777559998,-0.1294924425707031,-0.015345690003588467,-0.01538521923158965,0.07573769865852054,0.07573769865852054,0.008018385997489254,0.008018385997489254,0.03413407378145937,0.03413407378145937,-0.017590485851904293,-0.017590485851904293,-0.017590485851904293,,,0.012836402218119958,,0.025798828727593443,0.003819800548919226,-0.007350181360991222,-0.007350181360991222
apto_credito,0.002082825540095748,0.01264395279438555,-0.0008892217177037647,0.018216283988812955,0.018216283988812955,0.009855273398067754,0.009855273398067754,-0.09046835805696815,-0.09046835805696815,0.004300744318305644,0.004300744318305644,-0.014019825386466827,-0.0007028995848780387,,,,-0.009349765888284331,-0.009030705819271763,0.009035106896595512,,,-0.001981606980741111,-0.001981606980741111,,,,0.0004088488411795993,1.0,-0.003275710403240778,-0.006398017474529775,-0.005392036272515194,-0.00477183883798558,0.027286749190544794,0.008108542338153056,-0.0040897216658078986,-0.004357818145950652,-0.001981606980741112,0.004300744318305643,0.018216283988812955,0.009855273398067754,-0.09046835805696819,-0.013485823928178955,0.05288106889134907,0.009425885558707601,0.009425885558707601,0.014399175457236863,0.014399175457236863,-0.04033422274636314,-0.04033422274636314,-0.002227135257542269,-0.002227135257542269,-0.002227135257542269,,,-0.000544416231510002,,-0.0063657746139299575,0.013719852847543746,0.0014415209080418472,0.0014415209080418472
balcon,-0.03014052412897192,0.037509149137274864,0.00387557373283027,-0.0412814789000822,-0.0412814789000822,-0.04978919690718757,-0.04978919690718757,-0.18776690404970267,-0.18776690404970267,-0.04635785999232457,-0.04635785999232457,-0.016780868730908872,-0.010181697819470986,,,,-0.009178470945930573,0.028862278101842102,0.07680321496713201,-0.1078334476611854,-0.025590701147416024,0.030635914302525304,0.030635914302525304,,,,0.06044440837079656,-0.003275710403240778,1.0,0.153269656232142,0.046512343849012996,0.05183150252875393,0.004639404900930863,0.05965667936492966,-0.012480762221591639,-0.037265748770576736,0.030635914302525304,-0.04635785999232457,-0.041281478900082255,-0.04978919690718757,-0.18776690404970267,0.04291530433405235,-0.004635182478358568,0.028539064452436636,0.028539064452436636,-0.01710211118912988,-0.01710211118912988,0.015431122808827245,0.015431122808827245,-0.00875893533616024,-0.00875893533616024,-0.00875893533616024,,,-0.007886021953209397,,-0.05413538936000863,0.0047302136544147685,0.015706826811456905,0.015706826811456905
terraza,-0.006700882314985288,-0.001964877013531596,-0.005017923870145281,0.038049754197352875,0.038049754197352875,0.037239250966411466,0.037239250966411466,-0.09046835805696825,-0.09046835805696825,0.03563056754857784,0.03563056754857784,-0.010842221482366738,-0.003966498495316515,,,,0.013064484361997726,0.02294015915552992,0.0496007694467942,,,-0.00040797980822336675,-0.00040797980822336675,,,,-0.030877214540395003,-0.006398017474529775,0.153269656232142,1.0,0.06084712436092936,0.2090029868575054,0.06524442120630795,0.027924252074661156,0.0053305246097561515,-0.004496461568350422,-0.00040797980822336176,0.03563056754857783,0.038049754197352875,0.03723925096641145,-0.09046835805696825,0.011974156619109343,-0.009053296794744788,0.0005250631693095325,0.0005250631693095325,-0.0053376318104584215,-0.0053376318104584215,0.0038754342202594167,0.0038754342202594167,-0.012567838760980964,-0.012567838760980964,-0.012567838760980964,,,-0.0030721687842296405,,-0.02340154866541706,-0.016917677192648063,0.008134576596327707,0.008134576596327707
pileta,0.020350889424626668,0.005865239270709175,-0.00422893929693928,-0.027431158733718698,-0.027431158733718698,0.011239837981612067,0.011239837981612067,,,0.0005994488196828697,0.0005994488196828697,-0.002207154106559452,-0.003342832970801686,,,,0.0022968650471497628,0.03493795052385861,0.06581762770124766,,,0.013269261070099613,0.013269261070099613,,,,0.041670126951937045,-0.005392036272515194,0.046512343849012996,0.06084712436092936,1.0,0.2945900551158134,0.05202665171943616,0.21515124894156076,0.017088218122822053,-0.013782671766884812,0.013269261070099613,0.0005994488196828697,-0.02743115873371869,0.011239837981612067,,0.0337621947690778,-0.0076298173453640435,-0.014751340838804373,-0.014751340838804373,-0.009857157562425221,-0.009857157562425221,0.009819384182054854,0.009819384182054854,-0.010591756389554565,-0.010591756389554565,-0.010591756389554565,,,-0.0025891216436654974,,-0.016057594555598728,-0.002895022310710565,0.006855550526948733,0.006855550526948733
parrilla,5.5644201828982846e-05,0.024924269372738537,0.020018769124563112,0.0021942839739731847,0.0021942839739731847,0.024896637697313546,0.024896637697313546,,,0.00653799898971853,0.00653799898971853,-0.02189652785848251,-0.0029583369608026456,,,,0.012416444941837598,0.031661557638033834,0.06569858905780251,,,0.021466018620865192,0.021466018620865192,,,,0.021469845346610814,-0.00477183883798558,0.05183150252875393,0.2090029868575054,0.2945900551158134,1.0,0.059162864256566534,0.11505674690504446,0.016517713831668737,-0.015220265215820018,0.021466018620865192,0.006537998989718531,0.002194283973973188,0.024896637697313546,,0.03484826577769742,-0.006752228081425881,-0.0062015459117429166,-0.0062015459117429166,-0.019625462201531146,-0.019625462201531146,0.00868994873863786,0.00868994873863786,-0.009373481918099552,-0.009373481918099552,-0.009373481918099552,,,-0.0022913182684783794,,-0.002412936087421262,-0.011249929050032807,0.006067018211102168,0.006067018211102168
cochera_mencionada,0.04043578017917948,-0.005512265470608238,0.020621245396723886,0.19166102283794287,0.19166102283794287,0.13642193520205806,0.13642193520205806,-0.12949244257070308,-0.12949244257070308,0.12614184383365287,0.12614184383365287,0.03720937053016605,-0.0077325157967544035,,,,-0.0023676680193596535,0.004689087880215213,0.026652483788920798,-0.10854307470164692,-0.1546159206136522,-0.04845633345780977,-0.04845633345780977,,,,-0.15402048466968096,0.027286749190544794,0.004639404900930863,0.06524442120630795,0.05202665171943616,0.059162864256566534,1.0,0.14152714642063632,0.05088920396273761,0.04123987759551303,-0.04845633345780979,0.12614184383365287,0.19166102283794284,0.1364219352020581,-0.12949244257070308,-0.010241245409334947,-0.017649007193808186,-0.04881944253742291,-0.04881944253742291,-0.025709094245045937,-0.025709094245045937,0.013957821755737653,0.013957821755737653,-0.01231674059221076,-0.01231674059221076,-0.01231674059221076,,,-0.005989059035923274,,-0.016981766833721126,-0.016506892410323434,0.009599311929512688,0.009599311929512688
amenities_mencionadas,0.026270101262284223,-0.01981570071941396,0.015404932762648899,-0.04379085356760474,-0.04379085356760474,0.019368004654690688,0.019368004654690688,-0.21267407730585022,-0.21267407730585022,-0.0039547579558202595,-0.0039547579558202595,-0.0011111503892236175,-0.006413249470777069,,,,0.013749462487144646,0.06635446698462043,0.0804306144465467,-0.19802828851850338,-0.19909705125853064,-0.0027789117192080865,-0.0027789117192080865,,,,0.06278734713708267,0.008108542338153056,0.05965667936492966,0.027924252074661156,0.21515124894156076,0.11505674690504446,0.14152714642063632,1.0,0.01815473847619977,0.011977114195151111,-0.0027789117192080865,-0.003954757955820258,-0.04379085356760472,0.019368004654690688,-0.21267407730585022,-0.0061162350478109855,0.018001611032661465,0.010564175057999243,0.010564175057999243,-0.033409825943718316,-0.033409825943718316,-0.006560527509359158,-0.006560527509359158,-0.015608090574988489,-0.015608090574988489,-0.015608090574988489,,,-0.004967248784504235,,-0.039609125837477006,0.011651625531348303,-0.008633531844369782,-0.008633531844369782
cantidad_atributos,0.00962754033491822,0.019466105288637882,-0.008722067052269763,0.0028756462271518905,0.0028756462271518905,0.03010183027257977,0.03010183027257977,0.09046835805696839,0.09046835805696839,0.0188105586229436,0.0188105586229436,0.03522448732724873,-0.049961858612735076,,,,0.015511783025838147,0.005277041895640553,0.015311564237129538,-0.41520068814216016,-0.3460257304620126,-0.006790006905825094,-0.006790006905825094,,,,-0.06444779950580416,-0.0040897216658078986,-0.012480762221591639,0.0053305246097561515,0.017088218122822053,0.016517713831668737,0.05088920396273761,0.01815473847619977,1.0,0.5923883746672576,-0.006790006905825102,0.018810558622943615,0.002875646227151884,0.030101830272579747,0.0904683580569682,-0.027080804752907726,0.002172386538345536,-0.6937618389379208,-0.6937618389379208,-0.6667183339398668,-0.6667183339398668,-0.006845586320409064,-0.006845586320409064,-0.3306730182004624,-0.3306730182004624,-0.3306730182004624,,,-0.20723717995148283,,-0.02653595497061668,0.014102771126472381,0.008605328656874127,0.008605328656874127
completitud_pct,-0.022375434044540954,-0.001474713632445215,-0.011632140192322291,0.01182653970637864,0.01182653970637864,0.02984275907072743,0.02984275907072743,0.40736749485209206,0.40736749485209206,0.030690819109386154,0.030690819109386154,0.13671372676809304,-0.03386878288685321,,,,-0.0031773672226381162,-0.006861794995792811,0.004032662574053791,-0.41520068814215894,-0.3460257304620118,-0.01625370191374972,-0.01625370191374972,,,,-0.01810797647598451,-0.004357818145950652,-0.037265748770576736,-0.004496461568350422,-0.013782671766884812,-0.015220265215820018,0.04123987759551303,0.011977114195151111,0.5923883746672576,1.0,-0.016253701913749686,0.03069081910938615,0.011826539706378697,0.029842759070727486,0.40736749485209195,-0.7891126442973564,-0.18400913076858447,-0.49120834829763377,-0.49120834829763377,-0.3880172099459594,-0.3880172099459594,0.2102012940237837,0.2102012940237837,-0.20270524732786477,-0.20270524732786477,-0.20270524732786477,,,-0.12251038785010801,,0.02881305110307112,-0.06187402195513999,0.015686365056499323,0.015686365056499323
precio_m2_ref,-0.023461027709523713,0.7596302451883419,0.0009327112160430756,-0.06910788374023813,-0.06910788374023813,-0.0504010061893511,-0.0504010061893511,-0.04604815295711846,-0.04604815295711846,-0.07701670241953071,-0.07701670241953071,-0.014483312808595517,0.005532717789707941,,,,-0.012221105882888723,0.028419013746289346,0.0546385176547709,-0.09551285967118321,-0.22278115990701153,1.0,1.0,,,,0.05736426057681017,-0.001981606980741112,0.030635914302525304,-0.00040797980822336176,0.013269261070099613,0.021466018620865192,-0.04845633345780979,-0.0027789117192080865,-0.006790006905825102,-0.016253701913749686,1.0,-0.07701670241953071,-0.06910788374023812,-0.050401006189351116,-0.04604815295711849,0.017258882720820896,-0.0019814818338047234,0.009855486366036037,0.009855486366036037,-0.003986985688783576,-0.003986985688783576,0.00536985211076096,0.00536985211076096,,,,,,,,-0.019015100853797803,0.0017255539667175197,-0.021253619136260015,-0.021253619136260015
superficie_ref_m2,0.031876825268195776,-0.026375742479642823,0.00042123018721415594,0.2941153464972368,0.2941153464972368,0.20649545345164672,0.20649545345164672,0.5525847176686683,0.5525847176686683,1.0,1.0,0.05905737214117237,-0.003644847449598176,,,,-0.006313459992740026,-0.017865816916759494,-0.04570848167829056,-0.013611134861695615,-0.22980983066388752,-0.07701670241953071,-0.07701670241953071,,,,-0.17979437133034865,0.004300744318305643,-0.04635785999232457,0.03563056754857783,0.0005994488196828697,0.006537998989718531,0.12614184383365287,-0.003954757955820258,0.018810558622943615,0.03069081910938615,-0.07701670241953071,1.0,0.2941153464972368,0.20649545345164672,0.5525847176686683,-0.024555210291245456,-0.003375230481313649,-0.04286426141153876,-0.04286426141153876,0.02203416186104106,0.02203416186104106,0.0040102624077343555,0.0040102624077343555,,,,,,,,0.011173120018482108,-0.005885439517958689,0.01057822947228557,0.01057822947228557
ambientes_ref,0.03681618215112013,0.03900068747056708,0.004593873402864561,1.0,1.0,0.26213148203303893,0.26213148203303893,,,0.2941153464972368,0.2941153464972368,0.03355525793768913,0.008283406880705155,,,,0.005910114103520895,0.0071238138682259,-0.027450108003580158,0.07441689008004806,-0.33663805824216175,-0.06910788374023812,-0.06910788374023812,,,,-0.5703436461666657,0.018216283988812955,-0.041281478900082255,0.038049754197352875,-0.02743115873371869,0.002194283973973188,0.19166102283794284,-0.04379085356760472,0.002875646227151884,0.011826539706378697,-0.06910788374023812,0.2941153464972368,1.0,0.26213148203303893,,-0.01371396617035443,0.017126414136671098,,,-0.011840779296643515,-0.011840779296643515,,,0.01704524372997768,0.01704524372997768,0.01704524372997768,,,,,-0.017934747084583872,0.0030850568297583086,0.010906997962528864,0.010906997962528864
banios_ref,0.0285807187014995,-0.02395018295668889,-0.0009492101977936242,0.26213148203303893,0.26213148203303893,1.0,1.0,0.2626808091984104,0.2626808091984104,0.20649545345164672,0.20649545345164672,0.07394488045143556,0.0018092438881725425,,,,-0.0048459382019024,-0.002606961219570796,-0.03888332995169697,-0.09558649645483633,-0.15973011272305396,-0.050401006189351116,-0.050401006189351116,,,,-0.12728668777559998,0.009855273398067754,-0.04978919690718757,0.03723925096641145,0.011239837981612067,0.024896637697313546,0.1364219352020581,0.019368004654690688,0.030101830272579747,0.029842759070727486,-0.050401006189351116,0.20649545345164672,0.26213148203303893,1.0,0.2626808091984103,-0.01801917389503868,-0.002461576253987153,-0.032213464720918766,-0.032213464720918766,,,0.0051268299055900355,0.0051268299055900355,0.0004187558522923484,0.0004187558522923484,0.0004187558522923484,,,,,0.01948773354983383,0.000497457718210688,0.008331680003548102,0.008331680003548102
dormitorios_ref,0.21463099592865229,0.34420122860600944,,,,0.2626808091984103,0.2626808091984103,1.0,1.0,0.5525847176686683,0.5525847176686683,-0.09046835805696825,,,,,-0.023850667952729818,-0.04679095784113004,0.06957589978193823,,,-0.04604815295711849,-0.04604815295711849,,,,-0.1294924425707031,-0.09046835805696819,-0.18776690404970267,-0.09046835805696825,,,-0.12949244257070308,-0.21267407730585022,0.0904683580569682,0.40736749485209195,-0.04604815295711849,0.5525847176686683,,0.2626808091984103,1.0,,-0.3859512058969805,,,-0.09046835805696825,-0.09046835805696825,,,,,,,,,,-0.3859512058969805,-0.3859512058969805,,
inmobiliaria_is_null,0.029330743493484884,0.01739979981591132,0.00914029936894225,-0.01371396617035443,-0.01371396617035443,-0.01801917389503868,-0.01801917389503868,,,-0.024555210291245456,-0.024555210291245456,-0.1465963127198077,0.007225096400795368,,,,0.017020609271880805,0.013680000265998976,0.004069360843210162,,,0.017258882720820896,0.017258882720820896,,,,-0.015345690003588467,-0.013485823928178955,0.04291530433405235,0.011974156619109343,0.0337621947690778,0.03484826577769742,-0.010241245409334947,-0.0061162350478109855,-0.027080804752907726,-0.7891126442973564,0.017258882720820896,-0.024555210291245456,-0.01371396617035443,-0.01801917389503868,,1.0,0.010561934513293111,0.032074525125853,0.032074525125853,0.008519573336273192,0.008519573336273192,-0.021223315053871462,-0.021223315053871462,0.014332916001699862,0.014332916001699862,0.014332916001699862,,,0.005596047912732748,,-0.07101263829932396,0.015113688067955535,-0.014817376120905045,-0.014817376120905045
barrio_is_null,0.037485326356101516,-0.0020027560527634105,-0.0012582629164039003,0.017126414136671098,0.017126414136671098,-0.002461576253987153,-0.002461576253987153,-0.3859512058969805,-0.3859512058969805,-0.003375230481313649,-0.003375230481313649,-0.004345471550764354,-0.0009946141260377668,,,,-0.00226128527508163,-0.010738505370466682,,,,-0.0019814818338047234,-0.0019814818338047234,,,,-0.01538521923158965,0.05288106889134907,-0.004635182478358568,-0.009053296794744788,-0.0076298173453640435,-0.006752228081425881,-0.017649007193808186,0.018001611032661465,0.002172386538345536,-0.18400913076858447,-0.0019814818338047234,-0.003375230481313649,0.017126414136671098,-0.002461576253987153,-0.3859512058969805,0.010561934513293111,1.0,0.132409324362489,0.132409324362489,-0.006598221296051169,-0.006598221296051169,-0.38704712353775766,-0.38704712353775766,0.02467571192701549,0.02467571192701549,0.02467571192701549,,,-0.000770357652719414,,0.05378528737741993,0.3339531649130927,0.0020397750816224256,0.0020397750816224256
ambientes_min_is_null,-0.0052318198556864995,-0.01442736709661974,0.014892339513902555,,,-0.032213464720918766,-0.032213464720918766,,,-0.04286426141153876,-0.04286426141153876,-0.040729747733399796,0.07034291066764513,,,,-0.014886050954296928,0.01304311492203579,0.01742206739501908,0.41520068814216,0.3460257304620125,0.009855486366036037,0.009855486366036037,,,,0.07573769865852054,0.009425885558707601,0.028539064452436636,0.0005250631693095325,-0.014751340838804373,-0.0062015459117429166,-0.04881944253742291,0.010564175057999243,-0.6937618389379208,-0.49120834829763377,0.009855486366036037,-0.04286426141153876,,-0.032213464720918766,,0.032074525125853,0.132409324362489,1.0,1.0,0.08188124117672028,0.08188124117672028,-0.35151179369333896,-0.35151179369333896,0.011903748620069083,0.011903748620069083,0.011903748620069083,,,0.09268471180894618,,-0.03896994568249925,0.03767435024207897,-0.004573829680893563,-0.004573829680893563
ambientes_max_is_null,-0.0052318198556864995,-0.01442736709661974,0.014892339513902555,,,-0.032213464720918766,-0.032213464720918766,,,-0.04286426141153876,-0.04286426141153876,-0.040729747733399796,0.07034291066764513,,,,-0.014886050954296928,0.01304311492203579,0.01742206739501908,0.41520068814216,0.3460257304620125,0.009855486366036037,0.009855486366036037,,,,0.07573769865852054,0.009425885558707601,0.028539064452436636,0.0005250631693095325,-0.014751340838804373,-0.0062015459117429166,-0.04881944253742291,0.010564175057999243,-0.6937618389379208,-0.49120834829763377,0.009855486366036037,-0.04286426141153876,,-0.032213464720918766,,0.032074525125853,0.132409324362489,1.0,1.0,0.08188124117672028,0.08188124117672028,-0.35151179369333896,-0.35151179369333896,0.011903748620069083,0.011903748620069083,0.011903748620069083,,,0.09268471180894618,,-0.03896994568249925,0.03767435024207897,-0.004573829680893563,-0.004573829680893563
banios_min_is_null,-0.008099898635464647,-0.016325786252277638,-0.0036571619038464546,-0.011840779296643515,-0.011840779296643515,,,-0.09046835805696825,-0.09046835805696825,0.02203416186104106,0.02203416186104106,-0.017911491901847824,-0.002890862349475186,,,,-0.007650098693813147,-0.03810003374854845,-0.04170696629251158,0.41520068814216,0.3460257304620125,-0.003986985688783576,-0.003986985688783576,,,,0.008018385997489254,0.014399175457236863,-0.01710211118912988,-0.0053376318104584215,-0.009857157562425221,-0.019625462201531146,-0.025709094245045937,-0.033409825943718316,-0.6667183339398668,-0.3880172099459594,-0.003986985688783576,0.02203416186104106,-0.011840779296643515,,-0.09046835805696825,0.008519573336273192,-0.006598221296051169,0.08188124117672028,0.08188124117672028,1.0,1.0,-0.002003167008008664,-0.002003167008008664,0.058989244065415065,0.058989244065415065,0.058989244065415065,,,0.1167523212930814,,0.10816578683280581,-0.015172746809002359,-0.009074635531474891,-0.009074635531474891
banios_max_is_null,-0.008099898635464647,-0.016325786252277638,-0.0036571619038464546,-0.011840779296643515,-0.011840779296643515,,,-0.09046835805696825,-0.09046835805696825,0.02203416186104106,0.02203416186104106,-0.017911491901847824,-0.002890862349475186,,,,-0.007650098693813147,-0.03810003374854845,-0.04170696629251158,0.41520068814216,0.3460257304620125,-0.003986985688783576,-0.003986985688783576,,,,0.008018385997489254,0.014399175457236863,-0.01710211118912988,-0.0053376318104584215,-0.009857157562425221,-0.019625462201531146,-0.025709094245045937,-0.033409825943718316,-0.6667183339398668,-0.3880172099459594,-0.003986985688783576,0.02203416186104106,-0.011840779296643515,,-0.09046835805696825,0.008519573336273192,-0.006598221296051169,0.08188124117672028,0.08188124117672028,1.0,1.0,-0.002003167008008664,-0.002003167008008664,0.058989244065415065,0.058989244065415065,0.058989244065415065,,,0.1167523212930814,,0.10816578683280581,-0.015172746809002359,-0.009074635531474891,-0.009074635531474891
dormitorios_min_is_null,-0.005884479200727918,0.00340946026679986,0.0016193529174995875,,,0.0051268299055900355,0.0051268299055900355,,,0.0040102624077343555,0.0040102624077343555,0.021512682511549544,0.0012800435153800995,,,,0.00503422625329723,-0.002753775707486758,-0.013300474707861233,,,0.00536985211076096,0.00536985211076096,,,,0.03413407378145937,-0.04033422274636314,0.015431122808827245,0.0038754342202594167,0.009819384182054854,0.00868994873863786,0.013957821755737653,-0.006560527509359158,-0.006845586320409064,0.2102012940237837,0.00536985211076096,0.0040102624077343555,,0.0051268299055900355,,-0.021223315053871462,-0.38704712353775766,-0.35151179369333896,-0.35151179369333896,-0.002003167008008664,-0.002003167008008664,1.0,1.0,0.004055814095814209,0.004055814095814209,0.004055814095814209,,,0.0009914310405129453,,-0.027874149685172937,-0.12383264709098042,-0.0026251395367439465,-0.0026251395367439465
dormitorios_max_is_null,-0.005884479200727918,0.00340946026679986,0.0016193529174995875,,,0.0051268299055900355,0.0051268299055900355,,,0.0040102624077343555,0.0040102624077343555,0.021512682511549544,0.0012800435153800995,,,,0.00503422625329723,-0.002753775707486758,-0.013300474707861233,,,0.00536985211076096,0.00536985211076096,,,,0.03413407378145937,-0.04033422274636314,0.015431122808827245,0.0038754342202594167,0.009819384182054854,0.00868994873863786,0.013957821755737653,-0.006560527509359158,-0.006845586320409064,0.2102012940237837,0.00536985211076096,0.0040102624077343555,,0.0051268299055900355,,-0.021223315053871462,-0.38704712353775766,-0.35151179369333896,-0.35151179369333896,-0.002003167008008664,-0.002003167008008664,1.0,1.0,0.004055814095814209,0.004055814095814209,0.004055814095814209,,,0.0009914310405129453,,-0.027874149685172937,-0.12383264709098042,-0.0026251395367439465,-0.0026251395367439465
superficie_min_m2_is_null,0.00196166992297447,-0.00044507273621243376,-0.001746727828636437,0.01704524372997768,0.01704524372997768,0.0004187558522923484,0.0004187558522923484,,,,,-0.0014442057181629042,-0.0013807290591304475,,,,-0.004848948059197123,0.014029641802346225,-0.0007929894981447261,,,,,,,,-0.017590485851904293,-0.002227135257542269,-0.00875893533616024,-0.012567838760980964,-0.010591756389554565,-0.009373481918099552,-0.01231674059221076,-0.015608090574988489,-0.3306730182004624,-0.20270524732786477,,,0.01704524372997768,0.0004187558522923484,,0.014332916001699862,0.02467571192701549,0.011903748620069083,0.011903748620069083,0.058989244065415065,0.058989244065415065,0.004055814095814209,0.004055814095814209,1.0,1.0,1.0,,,0.24444686494289844,,-0.004368678481843259,2.3900934239568988e-05,0.0028316275182085167,0.0028316275182085167
superficie_max_m2_is_null,0.00196166992297447,-0.00044507273621243376,-0.001746727828636437,0.01704524372997768,0.01704524372997768,0.0004187558522923484,0.0004187558522923484,,,,,-0.0014442057181629042,-0.0013807290591304475,,,,-0.004848948059197123,0.014029641802346225,-0.0007929894981447261,,,,,,,,-0.017590485851904293,-0.002227135257542269,-0.00875893533616024,-0.012567838760980964,-0.010591756389554565,-0.009373481918099552,-0.01231674059221076,-0.015608090574988489,-0.3306730182004624,-0.20270524732786477,,,0.01704524372997768,0.0004187558522923484,,0.014332916001699862,0.02467571192701549,0.011903748620069083,0.011903748620069083,0.058989244065415065,0.058989244065415065,0.004055814095814209,0.004055814095814209,1.0,1.0,1.0,,,0.24444686494289844,,-0.004368678481843259,2.3900934239568988e-05,0.0028316275182085167,0.0028316275182085167
tipo_superficie_is_null,0.00196166992297447,-0.00044507273621243376,-0.001746727828636437,0.01704524372997768,0.01704524372997768,0.0004187558522923484,0.0004187558522923484,,,,,-0.0014442057181629042,-0.0013807290591304475,,,,-0.004848948059197123,0.014029641802346225,-0.0007929894981447261,,,,,,,,-0.017590485851904293,-0.002227135257542269,-0.00875893533616024,-0.012567838760980964,-0.010591756389554565,-0.009373481918099552,-0.01231674059221076,-0.015608090574988489,-0.3306730182004624,-0.20270524732786477,,,0.01704524372997768,0.0004187558522923484,,0.014332916001699862,0.02467571192701549,0.011903748620069083,0.011903748620069083,0.058989244065415065,0.058989244065415065,0.004055814095814209,0.004055814095814209,1.0,1.0,1.0,,,0.24444686494289844,,-0.004368678481843259,2.3900934239568988e-05,0.0028316275182085167,0.0028316275182085167
posesion_is_null,,,,,,,,,,,,,,,,,,,,,,,,,,,,,,,,,,,,,,,,,,,,,,,,,,,,,,,,,,,,
unidades_disponibles_is_null,,,,,,,,,,,,,,,,,,,,,,,,,,,,,,,,,,,,,,,,,,,,,,,,,,,,,,,,,,,,
atributos_texto_is_null,-0.01226465251524295,0.0008632818532171135,-0.0004269821416186954,,,,,,,,,-0.006731971283935781,-0.0003375148898399943,,,,-0.02179987917512019,-0.00246486464611692,-0.002830001554356793,,,,,,,,0.012836402218119958,-0.000544416231510002,-0.007886021953209397,-0.0030721687842296405,-0.0025891216436654974,-0.0022913182684783794,-0.005989059035923274,-0.004967248784504235,-0.20723717995148283,-0.12251038785010801,,,,,,0.005596047912732748,-0.000770357652719414,0.09268471180894618,0.09268471180894618,0.1167523212930814,0.1167523212930814,0.0009914310405129453,0.0009914310405129453,0.24444686494289844,0.24444686494289844,0.24444686494289844,,,1.0,,-0.006608073718581754,-0.0023067835063634934,0.0006921824695120658,0.0006921824695120658
parse_warnings_is_null,,,,,,,,,,,,,,,,,,,,,,,,,,,,,,,,,,,,,,,,,,,,,,,,,,,,,,,,,,,,
altura_is_null,-0.03377986482261703,-0.01928623557296978,-0.010793290726201304,-0.017934747084583872,-0.017934747084583872,0.01948773354983383,0.01948773354983383,-0.3859512058969805,-0.3859512058969805,0.011173120018482108,0.011173120018482108,0.06466855109531087,-0.008531729961010998,,,,-0.01696088964797521,,-0.038953601962055225,-0.1558751021226939,-0.13811902617458183,-0.019015100853797803,-0.019015100853797803,,,,0.025798828727593443,-0.0063657746139299575,-0.05413538936000863,-0.02340154866541706,-0.016057594555598728,-0.002412936087421262,-0.016981766833721126,-0.039609125837477006,-0.02653595497061668,0.02881305110307112,-0.019015100853797803,0.011173120018482108,-0.017934747084583872,0.01948773354983383,-0.3859512058969805,-0.07101263829932396,0.05378528737741993,-0.03896994568249925,-0.03896994568249925,0.10816578683280581,0.10816578683280581,-0.027874149685172937,-0.027874149685172937,-0.004368678481843259,-0.004368678481843259,-0.004368678481843259,,,-0.006608073718581754,,1.0,0.011070899932848436,0.00585466215685833,0.00585466215685833
comuna_is_null,0.06943221878860131,0.006624052805296716,-0.003767782577330401,0.0030850568297583086,0.0030850568297583086,0.000497457718210688,0.000497457718210688,-0.3859512058969805,-0.3859512058969805,-0.005885439517958689,-0.005885439517958689,0.04067301958212484,-0.0029783042370525314,,,,-0.023072072447912734,-0.013560261483790659,,-0.46292486327937776,-0.6841921239602552,0.0017255539667175197,0.0017255539667175197,,,,0.003819800548919226,0.013719852847543746,0.0047302136544147685,-0.016917677192648063,-0.002895022310710565,-0.011249929050032807,-0.016506892410323434,0.011651625531348303,0.014102771126472381,-0.06187402195513999,0.0017255539667175197,-0.005885439517958689,0.0030850568297583086,0.000497457718210688,-0.3859512058969805,0.015113688067955535,0.3339531649130927,0.03767435024207897,0.03767435024207897,-0.015172746809002359,-0.015172746809002359,-0.12383264709098042,-0.12383264709098042,2.3900934239568988e-05,2.3900934239568988e-05,2.3900934239568988e-05,,,-0.0023067835063634934,,0.011070899932848436,1.0,-0.1396881627932868,-0.1396881627932868
precio_anterior_is_null,0.007455683835751731,-0.0036202231517206284,0.0011305755575967465,0.010906997962528864,0.010906997962528864,0.008331680003548102,0.008331680003548102,,,0.01057822947228557,0.01057822947228557,0.0005900662812725601,0.0008936816030095795,,,,0.0055319075687187,0.0031397457178683895,0.0004869676330862773,,,-0.021253619136260015,-0.021253619136260015,,,,-0.007350181360991222,0.0014415209080418472,0.015706826811456905,0.008134576596327707,0.006855550526948733,0.006067018211102168,0.009599311929512688,-0.008633531844369782,0.008605328656874127,0.015686365056499323,-0.021253619136260015,0.01057822947228557,0.010906997962528864,0.008331680003548102,,-0.014817376120905045,0.0020397750816224256,-0.004573829680893563,-0.004573829680893563,-0.009074635531474891,-0.009074635531474891,-0.0026251395367439465,-0.0026251395367439465,0.0028316275182085167,0.0028316275182085167,0.0028316275182085167,,,0.0006921824695120658,,0.00585466215685833,-0.1396881627932868,1.0,1.0
descuento_pct_is_null,0.007455683835751731,-0.0036202231517206284,0.0011305755575967465,0.010906997962528864,0.010906997962528864,0.008331680003548102,0.008331680003548102,,,0.01057822947228557,0.01057822947228557,0.0005900662812725601,0.0008936816030095795,,,,0.0055319075687187,0.0031397457178683895,0.0004869676330862773,,,-0.021253619136260015,-0.021253619136260015,,,,-0.007350181360991222,0.0014415209080418472,0.015706826811456905,0.008134576596327707,0.006855550526948733,0.006067018211102168,0.009599311929512688,-0.008633531844369782,0.008605328656874127,0.015686365056499323,-0.021253619136260015,0.01057822947228557,0.010906997962528864,0.008331680003548102,,-0.014817376120905045,0.0020397750816224256,-0.004573829680893563,-0.004573829680893563,-0.009074635531474891,-0.009074635531474891,-0.0026251395367439465,-0.0026251395367439465,0.0028316275182085167,0.0028316275182085167,0.0028316275182085167,,,0.0006921824695120658,,0.00585466215685833,-0.1396881627932868,1.0,1.0
