,expensas_moneda_is_null,expensas_texto_is_null,expensas_is_null,banios_is_null,banios_ref_is_null,piso_is_null,ambientes_is_null,ambientes_ref_is_null,dormitorios_ref_is_null,dormitorios_is_null,precio_m2_calculado_is_null,precio_m2_ref_is_null,superficie_total_m2_is_null,superficie_ref_m2_is_null,altura_is_null
expensas_moneda_is_null,1.0,0.7644707871564381,0.7644707871564381,0.07575920318533202,0.07575920318533202,0.17407765595569777,0.16969764190127948,0.16969764190127948,0.09090909090909093,0.09090909090909093,0.070276050320023,0.070276050320023,0.070276050320023,0.070276050320023,0.03160697706205074
expensas_texto_is_null,0.7644707871564381,1.0,1.0,0.06463056119412344,0.06463056119412344,0.1236140092401476,0.013057679112392665,0.013057679112392665,0.11891767800211267,0.11891767800211267,0.09192771195538434,0.09192771195538434,0.09192771195538434,0.09192771195538434,0.04134491152973613
expensas_is_null,0.7644707871564381,1.0,1.0,0.06463056119412344,0.06463056119412344,0.1236140092401476,0.013057679112392665,0.013057679112392665,0.11891767800211267,0.11891767800211267,0.09192771195538434,0.09192771195538434,0.09192771195538434,0.09192771195538434,0.04134491152973613
banios_is_null,0.07575920318533202,0.06463056119412344,0.06463056119412344,1.0,1.0,-0.1198386418296944,0.00759532616034048,0.00759532616034048,-0.4183225567190071,-0.4183225567190071,-0.3743043956169977,-0.3743043956169977,-0.3743043956169977,-0.3743043956169977,-0.16834512458535852
banios_ref_is_null,0.07575920318533202,0.06463056119412344,0.06463056119412344,1.0,1.0,-0.1198386418296944,0.00759532616034048,0.00759532616034048,-0.4183225567190071,-0.4183225567190071,-0.3743043956169977,-0.3743043956169977,-0.3743043956169977,-0.3743043956169977,-0.16834512458535852
piso_is_null,0.17407765595569777,0.1236140092401476,0.1236140092401476,-0.1198386418296944,-0.1198386418296944,1.0,0.15928737497903214,0.15928737497903214,0.1243411828254984,0.1243411828254984,0.004984014489069493,0.004984014489069493,0.004984014489069493,0.004984014489069493,0.18156825980064073
ambientes_is_null,0.16969764190127948,0.013057679112392665,0.013057679112392665,0.00759532616034048,0.00759532616034048,0.15928737497903214,1.0,1.0,0.4691640687858903,0.4691640687858903,-0.1460441119837348,-0.1460441119837348,-0.1460441119837348,-0.1460441119837348,0.02429408644585027
ambientes_ref_is_null,0.16969764190127948,0.013057679112392665,0.013057679112392665,0.00759532616034048,0.00759532616034048,0.15928737497903214,1.0,1.0,0.4691640687858903,0.4691640687858903,-0.1460441119837348,-0.1460441119837348,-0.1460441119837348,-0.1460441119837348,0.02429408644585027
dormitorios_ref_is_null,0.09090909090909093,0.11891767800211267,0.11891767800211267,-0.4183225567190071,-0.4183225567190071,0.1243411828254984,0.4691640687858903,0.4691640687858903,1.0,1.0,-0.059864783605945486,-0.059864783605945486,-0.059864783605945486,-0.059864783605945486,0.1369635672688864
dormitorios_is_null,0.09090909090909093,0.11891767800211267,0.11891767800211267,-0.4183225567190071,-0.4183225567190071,0.1243411828254984,0.4691640687858903,0.4691640687858903,1.0,1.0,-0.059864783605945486,-0.059864783605945486,-0.059864783605945486,-0.059864783605945486,0.1369635672688864
precio_m2_calculado_is_null,0.070276050320023,0.09192771195538434,0.09192771195538434,-0.3743043956169977,-0.3743043956169977,0.004984014489069493,-0.1460441119837348,-0.1460441119837348,-0.059864783605945486,-0.059864783605945486,1.0,1.0,1.0,1.0,0.19637172775953235
precio_m2_ref_is_null,0.070276050320023,0.09192771195538434,0.09192771195538434,-0.3743043956169977,-0.3743043956169977,0.004984014489069493,-0.1460441119837348,-0.1460441119837348,-0.059864783605945486,-0.059864783605945486,1.0,1.0,1.0,1.0,0.19637172775953235
superficie_total_m2_is_null,0.070276050320023,0.09192771195538434,0.09192771195538434,-0.3743043956169977,-0.3743043956169977,0.004984014489069493,-0.1460441119837348,-0.1460441119837348,-0.059864783605945486,-0.059864783605945486,1.0,1.0,1.0,1.0,0.19637172775953235
superficie_ref_m2_is_null,0.070276050320023,0.09192771195538434,0.09192771195538434,-0.3743043956169977,-0.3743043956169977,0.004984014489069493,-0.1460441119837348,-0.1460441119837348,-0.059864783605945486,-0.059864783605945486,1.0,1.0,1.0,1.0,0.19637172775953235
altura_is_null,0.03160697706205074,0.04134491152973613,0.04134491152973613,-0.16834512458535852,-0.16834512458535852,0.18156825980064073,0.02429408644585027,0.02429408644585027,0.1369635672688864,0.1369635672688864,0.19637172775953235,0.19637172775953235,0.19637172775953235,0.19637172775953235,1.0
