,precio,precio_m2_ref,superficie_ref_m2,superficie_total_m2,superficie_cubierta_m2,ambientes_ref,ambientes,dormitorios_ref,dormitorios,banios_ref,banios,altura
cocheras_is_null,-0.5273090500115162,-0.4393833674595483,-0.37221997564161047,-0.37221997564161047,,-0.1742358897557967,-0.1742358897557967,-0.18009362043451788,-0.18009362043451788,0.033865676154233935,0.033865676154233935,-0.02569919372285578
expensas_moneda_is_null,0.06617722521716426,0.14648609266204463,0.07081256748867996,0.07081256748867996,,0.0880557032885238,0.0880557032885238,0.20276995297753375,0.20276995297753375,0.023581030089135396,0.023581030089135396,-0.10357360530469359
expensas_is_null,0.07880316980672838,0.17406001173524846,0.08442356005613456,0.08442356005613456,,0.06007261159873872,0.06007261159873872,0.18566175213370825,0.18566175213370825,0.042209393467596015,0.042209393467596015,-0.19431913767531062
expensas_texto_is_null,0.07880316980672838,0.17406001173524846,0.08442356005613456,0.08442356005613456,,0.06007261159873872,0.06007261159873872,0.18566175213370825,0.18566175213370825,0.042209393467596015,0.042209393467596015,-0.19431913767531062
superficie_cubierta_m2_is_null,-0.10321386437445157,-0.14454644031411656,-0.13464350910589074,-0.13464350910589074,,-0.25061914481867276,-0.25061914481867276,-0.1332956169165087,-0.1332956169165087,0.03520066810407161,0.03520066810407161,-0.18541736712258683
banios_is_null,0.14958951100758497,0.049264038833296005,0.18407302918453525,0.18407302918453525,0.32656680171521085,0.16956271225145722,0.16956271225145722,-0.011882133974788737,-0.011882133974788737,,,0.08454460556509069
banios_ref_is_null,0.14958951100758497,0.049264038833296005,0.18407302918453525,0.18407302918453525,0.32656680171521085,0.16956271225145722,0.16956271225145722,-0.011882133974788737,-0.011882133974788737,,,0.08454460556509069
piso_is_null,0.19101340700034947,0.17926232578087858,0.1710887276319417,0.1710887276319417,0.03650556959769592,-0.05732547211348199,-0.05732547211348199,-0.055516175044168295,-0.055516175044168295,-0.10467550820899497,-0.10467550820899497,0.19934929393651005
ambientes_is_null,0.24284577736458715,0.1561122337090359,0.28305331253314503,0.28305331253314503,-0.002861519370583223,,,0.4234874378284959,0.4234874378284959,-0.1124275007400462,-0.1124275007400462,0.1462777181335476
ambientes_ref_is_null,0.24284577736458715,0.1561122337090359,0.28305331253314503,0.28305331253314503,-0.002861519370583223,,,0.4234874378284959,0.4234874378284959,-0.1124275007400462,-0.1124275007400462,0.1462777181335476
dormitorios_ref_is_null,-0.22676750445267238,0.04048257799560607,-0.3679725254259156,-0.3679725254259156,,-0.5633440432884833,-0.5633440432884833,,,-0.16918306802950522,-0.16918306802950522,0.040413382888707335
dormitorios_is_null,-0.22676750445267238,0.04048257799560607,-0.3679725254259156,-0.3679725254259156,,-0.5633440432884833,-0.5633440432884833,,,-0.16918306802950522,-0.16918306802950522,0.040413382888707335
precio_m2_calculado_is_null,-0.11346370143614697,,,,,-0.13737829769207024,-0.13737829769207024,0.0022421073803043957,0.0022421073803043957,-0.07383754433810201,-0.07383754433810201,0.009536805090251782
superficie_total_m2_is_null,-0.11346370143614697,,,,,-0.13737829769207024,-0.13737829769207024,0.0022421073803043957,0.0022421073803043957,-0.07383754433810201,-0.07383754433810201,0.009536805090251782
precio_m2_ref_is_null,-0.11346370143614697,,,,,-0.13737829769207024,-0.13737829769207024,0.0022421073803043957,0.0022421073803043957,-0.07383754433810201,-0.07383754433810201,0.009536805090251782
superficie_ref_m2_is_null,-0.11346370143614697,,,,,-0.13737829769207024,-0.13737829769207024,0.0022421073803043957,0.0022421073803043957,-0.07383754433810201,-0.07383754433810201,0.009536805090251782
