,cocheras_is_null,expensas_moneda_is_null,expensas_is_null,expensas_texto_is_null,superficie_cubierta_m2_is_null,banios_is_null,banios_ref_is_null,piso_is_null,ambientes_is_null,ambientes_ref_is_null,dormitorios_ref_is_null,dormitorios_is_null,precio_m2_calculado_is_null,superficie_total_m2_is_null,precio_m2_ref_is_null,superficie_ref_m2_is_null
cocheras_is_null,1.0,-0.04965771382008944,-0.054754007455573794,-0.054754007455573794,-0.0547540074555739,0.0996913413043802,0.0996913413043802,0.03215849719496131,-0.04058239421253746,-0.04058239421253746,0.09220517785543075,0.09220517785543075,0.04412957816406876,0.04412957816406876,0.04412957816406876,0.04412957816406876
expensas_moneda_is_null,-0.04965771382008944,1.0,0.906923823984585,0.906923823984585,-0.0715992492619408,-0.1110177011651241,-0.1110177011651241,0.11101770116512405,0.1447300768338893,0.1447300768338893,0.12057238947978637,0.12057238947978637,0.05770618103811175,0.05770618103811175,0.05770618103811175,0.05770618103811175
expensas_is_null,-0.054754007455573794,0.906923823984585,1.0,1.0,-0.07894736842105257,-0.046367907006221475,-0.046367907006221475,0.04636790700622145,0.15958349864271437,0.15958349864271437,0.1329465455544541,0.1329465455544541,0.06362847629757777,0.06362847629757777,0.06362847629757777,0.06362847629757777
expensas_texto_is_null,-0.054754007455573794,0.906923823984585,1.0,1.0,-0.07894736842105257,-0.046367907006221475,-0.046367907006221475,0.04636790700622145,0.15958349864271437,0.15958349864271437,0.1329465455544541,0.1329465455544541,0.06362847629757777,0.06362847629757777,0.06362847629757777,0.06362847629757777
superficie_cubierta_m2_is_null,-0.0547540074555739,-0.0715992492619408,-0.07894736842105257,-0.07894736842105257,1.0,-0.14142211636897545,-0.14142211636897545,-0.23879472108204047,-0.05851394950232873,-0.05851394950232873,0.13294654555445423,0.13294654555445423,0.06362847629757774,0.06362847629757774,0.06362847629757774,0.06362847629757774
banios_is_null,0.0996913413043802,-0.1110177011651241,-0.046367907006221475,-0.046367907006221475,-0.14142211636897545,1.0,1.0,0.20588235294117646,-0.04077153606460861,-0.04077153606460861,-0.4981700000417197,-0.4981700000417197,-0.269069117598525,-0.269069117598525,-0.269069117598525,-0.269069117598525
banios_ref_is_null,0.0996913413043802,-0.1110177011651241,-0.046367907006221475,-0.046367907006221475,-0.14142211636897545,1.0,1.0,0.20588235294117646,-0.04077153606460861,-0.04077153606460861,-0.4981700000417197,-0.4981700000417197,-0.269069117598525,-0.269069117598525,-0.269069117598525,-0.269069117598525
piso_is_null,0.03215849719496131,0.11101770116512405,0.04636790700622145,0.04636790700622145,-0.23879472108204047,0.20588235294117646,0.20588235294117646,1.0,0.040771536064608496,0.040771536064608496,-0.27016742948970984,-0.27016742948970984,-0.07567568932458509,-0.07567568932458509,-0.07567568932458509,-0.07567568932458509
ambientes_is_null,-0.04058239421253746,0.1447300768338893,0.15958349864271437,0.15958349864271437,-0.05851394950232873,-0.04077153606460861,-0.04077153606460861,0.040771536064608496,1.0,1.0,0.24544641285301072,0.24544641285301072,0.13504892964960408,0.13504892964960408,0.13504892964960408,0.13504892964960408
ambientes_ref_is_null,-0.04058239421253746,0.1447300768338893,0.15958349864271437,0.15958349864271437,-0.05851394950232873,-0.04077153606460861,-0.04077153606460861,0.040771536064608496,1.0,1.0,0.24544641285301072,0.24544641285301072,0.13504892964960408,0.13504892964960408,0.13504892964960408,0.13504892964960408
dormitorios_ref_is_null,0.09220517785543075,0.12057238947978637,0.1329465455544541,0.1329465455544541,0.13294654555445423,-0.4981700000417197,-0.4981700000417197,-0.27016742948970984,0.24544641285301072,0.24544641285301072,1.0,1.0,0.33216404174964226,0.33216404174964226,0.33216404174964226,0.33216404174964226
dormitorios_is_null,0.09220517785543075,0.12057238947978637,0.1329465455544541,0.1329465455544541,0.13294654555445423,-0.4981700000417197,-0.4981700000417197,-0.27016742948970984,0.24544641285301072,0.24544641285301072,1.0,1.0,0.33216404174964226,0.33216404174964226,0.33216404174964226,0.33216404174964226
precio_m2_calculado_is_null,0.04412957816406876,0.05770618103811175,0.06362847629757777,0.06362847629757777,0.06362847629757774,-0.269069117598525,-0.269069117598525,-0.07567568932458509,0.13504892964960408,0.13504892964960408,0.33216404174964226,0.33216404174964226,1.0,1.0,1.0,1.0
superficie_total_m2_is_null,0.04412957816406876,0.05770618103811175,0.06362847629757777,0.06362847629757777,0.06362847629757774,-0.269069117598525,-0.269069117598525,-0.07567568932458509,0.13504892964960408,0.13504892964960408,0.33216404174964226,0.33216404174964226,1.0,1.0,1.0,1.0
precio_m2_ref_is_null,0.04412957816406876,0.05770618103811175,0.06362847629757777,0.06362847629757777,0.06362847629757774,-0.269069117598525,-0.269069117598525,-0.07567568932458509,0.13504892964960408,0.13504892964960408,0.33216404174964226,0.33216404174964226,1.0,1.0,1.0,1.0
superficie_ref_m2_is_null,0.04412957816406876,0.05770618103811175,0.06362847629757777,0.06362847629757777,0.06362847629757774,-0.269069117598525,-0.269069117598525,-0.07567568932458509,0.13504892964960408,0.13504892964960408,0.33216404174964226,0.33216404174964226,1.0,1.0,1.0,1.0
