,superficie_cubierta_m2_is_null,cocheras_is_null,piso_is_null,expensas_texto_is_null,expensas_is_null,dormitorios_is_null,dormitorios_ref_is_null,banios_is_null,banios_ref_is_null
superficie_cubierta_m2_is_null,1.0,-0.024768701672532274,-0.041413218536205325,0.05252816047042194,0.05252816047042194,0.01511688953072458,0.01511688953072458,0.019038787309702272,0.019038787309702272
cocheras_is_null,-0.024768701672532274,1.0,0.06095587145106871,-0.0015159706030288163,-0.0015159706030288163,0.03620944268791657,0.03620944268791657,-0.02427906947420963,-0.02427906947420963
piso_is_null,-0.041413218536205325,0.06095587145106871,1.0,-0.10937785225378187,-0.10937785225378187,-0.010752541241614958,-0.010752541241614958,-0.055323908259344745,-0.055323908259344745
expensas_texto_is_null,0.05252816047042194,-0.0015159706030288163,-0.10937785225378187,1.0,1.0,0.3021114130469988,0.3021114130469988,0.34128801081806925,0.34128801081806925
expensas_is_null,0.05252816047042194,-0.0015159706030288163,-0.10937785225378187,1.0,1.0,0.3021114130469988,0.3021114130469988,0.34128801081806925,0.34128801081806925
dormitorios_is_null,0.01511688953072458,0.03620944268791657,-0.010752541241614958,0.3021114130469988,0.3021114130469988,1.0,1.0,0.5345713352046736,0.5345713352046736
dormitorios_ref_is_null,0.01511688953072458,0.03620944268791657,-0.010752541241614958,0.3021114130469988,0.3021114130469988,1.0,1.0,0.5345713352046736,0.5345713352046736
banios_is_null,0.019038787309702272,-0.02427906947420963,-0.055323908259344745,0.34128801081806925,0.34128801081806925,0.5345713352046736,0.5345713352046736,1.0,1.0
banios_ref_is_null,0.019038787309702272,-0.02427906947420963,-0.055323908259344745,0.34128801081806925,0.34128801081806925,0.5345713352046736,0.5345713352046736,1.0,1.0
