dataset,variable_conteo,filas_fuente,filas_asignadas_barrio,pct_asignado_barrio,metodo_asignacion
subte_estaciones,n_estaciones_subte,0,0,0,no_cargado
metrobus,n_metrobus,0,0,0,no_cargado
estaciones_ferrocarril,n_estaciones_tren,0,0,0,no_cargado
espacios_verdes,n_espacios_verdes,0,0,0,no_cargado
educacion,n_educacion,0,0,0,no_cargado
hospitales,n_hospitales,0,0,0,no_cargado
espacios_culturales,n_espacios_culturales,0,0,0,no_cargado
bibliotecas,n_bibliotecas,0,0,0,no_cargado
gastronomia,n_gastronomia,0,0,0,no_cargado
