dataset,columna,count,mean,std,min,1%,5%,25%,50%,75%,95%,99%,max
df_raw_meli_alq,pagina_origen,11479.0,8.589337050265703,9.126466850977776,1.0,1.0,1.0,2.0,5.0,12.0,31.0,40.0,42.0
df_raw_meli_alq,precio,11479.0,647977.4077881349,1161666.7983246113,10.0,500.0,750.0,4000.0,650000.0,880000.0,1500000.0,2300000.0,111111111.0
df_raw_meli_alq,desde,11479.0,0.000696924819235125,0.026391282481727354,0.0,0.0,0.0,0.0,0.0,0.0,0.0,0.0,1.0
df_raw_meli_alq,ambientes_min,11140.0,2.1878815080789944,1.3138363990442992,1.0,1.0,1.0,1.0,2.0,3.0,4.0,5.0,71.0
df_raw_meli_alq,ambientes_max,11140.0,2.1878815080789944,1.3138363990442992,1.0,1.0,1.0,1.0,2.0,3.0,4.0,5.0,71.0
df_raw_meli_alq,banios_min,11263.0,1.2939714108141702,1.2350926267822453,1.0,1.0,1.0,1.0,1.0,1.0,3.0,4.0,76.0
df_raw_meli_alq,banios_max,11263.0,1.2939714108141702,1.2350926267822453,1.0,1.0,1.0,1.0,1.0,1.0,3.0,4.0,76.0
df_raw_meli_alq,dormitorios_min,43.0,1.255813953488372,0.4414814484488266,1.0,1.0,1.0,1.0,1.0,1.5,2.0,2.0,2.0
df_raw_meli_alq,dormitorios_max,43.0,1.255813953488372,0.4414814484488266,1.0,1.0,1.0,1.0,1.0,1.5,2.0,2.0,2.0
df_raw_meli_alq,superficie_min_m2,11429.0,59.166418759296526,91.64801537236944,1.0,20.0,25.0,35.0,43.0,63.0,141.0,254.71999999999935,5116.0
df_raw_meli_alq,superficie_max_m2,11429.0,59.166418759296526,91.64801537236944,1.0,20.0,25.0,35.0,43.0,63.0,141.0,254.71999999999935,5116.0
df_raw_meli_alq,destacado,11479.0,0.14774806167784652,0.354865527173647,0.0,0.0,0.0,0.0,0.0,0.0,1.0,1.0,1.0
df_raw_meli_alq,emprendimiento,11479.0,0.00043557801202195314,0.020866868865129864,0.0,0.0,0.0,0.0,0.0,0.0,0.0,0.0,1.0
df_raw_meli_alq,posesion,0.0,,,,,,,,,,,
df_raw_meli_alq,unidades_disponibles,0.0,,,,,,,,,,,
df_raw_meli_alq,parse_warnings,0.0,,,,,,,,,,,
df_raw_meli_alq,posicion_pagina,11479.0,23.696576356825506,13.867311663143226,1.0,1.0,3.0,12.0,23.0,36.0,46.0,48.0,48.0
df_raw_meli_alq,altura,9836.0,2140.6599227328184,1705.4947344141947,0.0,2.0,100.0,800.0,1800.0,3000.0,5400.0,7194.7499999999945,13136.0
df_raw_meli_alq,comuna,11250.0,7.898933333333333,5.188028979998707,1.0,1.0,1.0,2.0,7.0,13.0,14.0,15.0,15.0
df_raw_meli_alq,precio_anterior,21.0,146498.19047619047,305450.35351307405,350.0,550.8,1354.0,1800.0,1957.0,3045.0,790000.0,798000.0,800000.0
df_raw_meli_alq,descuento_pct,21.0,-28729.40619047619,19023.827847022396,-58984.19,-56611.796,-47122.22,-42592.94,-33114.1,-14281.59,0.0,0.0,0.0
df_raw_meli_alq,precio_m2_min,11429.0,15339.460464607575,36777.6010663877,0.06,10.642399999999999,15.314,34.09,17368.42,21428.57,27864.166000000005,34782.61,2923976.61
df_raw_meli_alq,precio_m2_max,11429.0,15339.460464607575,36777.6010663877,0.06,10.642399999999999,15.314,34.09,17368.42,21428.57,27864.166000000005,34782.61,2923976.61
df_raw_meli_alq,amplitud_superficie_m2,11429.0,0.0,0.0,0.0,0.0,0.0,0.0,0.0,0.0,0.0,0.0,0.0
df_raw_meli_alq,es_rango_superficie,11429.0,0.0,0.0,0.0,0.0,0.0,0.0,0.0,0.0,0.0,0.0,0.0
df_raw_meli_alq,es_rango_ambientes,11140.0,0.0,0.0,0.0,0.0,0.0,0.0,0.0,0.0,0.0,0.0,0.0
df_raw_meli_alq,monoambiente,11479.0,0.3021169091384267,0.45919565721352174,0.0,0.0,0.0,0.0,0.0,1.0,1.0,1.0,1.0
df_raw_meli_alq,apto_credito,11479.0,0.0011325028312570782,0.03363508323336137,0.0,0.0,0.0,0.0,0.0,0.0,0.0,0.0,1.0
df_raw_meli_alq,balcon,11479.0,0.19217701890408573,0.39402860016789254,0.0,0.0,0.0,0.0,0.0,0.0,1.0,1.0,1.0
df_raw_meli_alq,terraza,11479.0,0.03484624096175625,0.18339822948460624,0.0,0.0,0.0,0.0,0.0,0.0,0.0,1.0,1.0
df_raw_meli_alq,pileta,11479.0,0.02500217789006011,0.15613837708545808,0.0,0.0,0.0,0.0,0.0,0.0,0.0,1.0,1.0
df_raw_meli_alq,parrilla,11479.0,0.01968812614339228,0.13893230493250652,0.0,0.0,0.0,0.0,0.0,0.0,0.0,1.0,1.0
df_raw_meli_alq,cochera_mencionada,11479.0,0.12065510933008101,0.32574023004765096,0.0,0.0,0.0,0.0,0.0,0.0,1.0,1.0,1.0
df_raw_meli_alq,amenities_mencionadas,11479.0,0.08624444638034671,0.2807369012241911,0.0,0.0,0.0,0.0,0.0,0.0,1.0,1.0,1.0
df_raw_meli_alq,cantidad_atributos,11479.0,2.9510410314487325,0.23024587032350216,0.0,2.0,3.0,3.0,3.0,3.0,3.0,3.0,3.0
df_raw_meli_alq,completitud_pct,11479.0,86.44374074396725,5.7469457313368935,42.9,71.4,85.7,85.7,85.7,85.7,100.0,100.0,100.0
df_raw_meli_alq_temp,pagina_origen,6190.0,10.089660743134088,11.202301357745057,1.0,1.0,1.0,2.0,4.0,16.0,36.0,41.0,42.0
df_raw_meli_alq_temp,precio,6190.0,212329.74684975768,392224.25188403635,10.0,60.0,520.0,800.0,1300.0,266000.0,980000.0,1500000.0,3999000.0
df_raw_meli_alq_temp,desde,6190.0,0.0027463651050080775,0.052337989208902806,0.0,0.0,0.0,0.0,0.0,0.0,0.0,0.0,1.0
df_raw_meli_alq_temp,ambientes_min,5948.0,2.0137861466039007,0.9930707917567966,1.0,1.0,1.0,1.0,2.0,3.0,4.0,5.0,10.0
df_raw_meli_alq_temp,ambientes_max,5948.0,2.01630800268998,0.9946399246683459,1.0,1.0,1.0,1.0,2.0,3.0,4.0,5.0,10.0
df_raw_meli_alq_temp,banios_min,6074.0,1.1840632202831742,1.0774561676176886,1.0,1.0,1.0,1.0,1.0,1.0,2.0,3.0,76.0
df_raw_meli_alq_temp,banios_max,6074.0,1.185544945670069,1.0781950971798726,1.0,1.0,1.0,1.0,1.0,1.0,2.0,3.0,76.0
df_raw_meli_alq_temp,dormitorios_min,11.0,1.5454545454545454,0.5222329678670935,1.0,1.0,1.0,1.0,2.0,2.0,2.0,2.0,2.0
df_raw_meli_alq_temp,dormitorios_max,11.0,1.5454545454545454,0.5222329678670935,1.0,1.0,1.0,1.0,2.0,2.0,2.0,2.0,2.0
df_raw_meli_alq_temp,superficie_min_m2,6165.0,50.96058394160584,29.88999793070423,1.0,20.0,25.0,35.0,42.0,60.0,100.0,182.0,400.0
df_raw_meli_alq_temp,superficie_max_m2,6165.0,51.03714517437145,29.94629763444691,1.0,20.0,25.0,35.0,42.0,60.0,100.0,182.0,400.0
df_raw_meli_alq_temp,destacado,6190.0,0.16478190630048464,0.37101356755338977,0.0,0.0,0.0,0.0,0.0,0.0,1.0,1.0,1.0
df_raw_meli_alq_temp,emprendimiento,6190.0,0.0016155088852988692,0.04016415844644253,0.0,0.0,0.0,0.0,0.0,0.0,0.0,0.0,1.0
df_raw_meli_alq_temp,unidades_disponibles,10.0,7.9,7.622335600063803,1.0,1.09,1.45,4.0,5.0,9.5,21.39999999999999,24.28,25.0
df_raw_meli_alq_temp,parse_warnings,0.0,,,,,,,,,,,
df_raw_meli_alq_temp,posicion_pagina,6190.0,23.805654281098548,13.880635120992126,1.0,1.0,3.0,12.0,23.0,36.0,46.0,48.0,48.0
df_raw_meli_alq_temp,altura,4784.0,2129.2052675585282,2301.4882345461583,0.0,24.14999999999999,200.0,900.0,1800.0,3000.0,5100.0,6217.000000000007,118500.0
df_raw_meli_alq_temp,comuna,5916.0,8.03262339418526,5.61420586280717,1.0,1.0,1.0,2.0,9.0,14.0,15.0,15.0,15.0
df_raw_meli_alq_temp,precio_anterior,3.0,233951.33333333334,402743.96594528056,1354.0,1356.92,1368.6,1427.0,1500.0,350250.0,629250.0,685050.0,699000.0
df_raw_meli_alq_temp,descuento_pct,3.0,-35183.62,31096.045375029604,-58984.19,-58735.8396,-57742.438,-52775.43,-46566.67,-23283.335,-4656.667000000004,-931.3334000000008,0.0
df_raw_meli_alq_temp,precio_m2_min,6165.0,5472.641829683699,18282.906599870385,0.22,1.4264,12.26,18.75,25.86,4225.0,24000.0,31945.529599999973,860000.0
df_raw_meli_alq_temp,precio_m2_max,6165.0,5474.657675587997,18282.504161239565,0.22,1.4264,12.26,18.75,25.86,4225.0,24000.0,31945.529599999973,860000.0
df_raw_meli_alq_temp,amplitud_superficie_m2,6165.0,0.07656123276561233,2.30571698341629,0.0,0.0,0.0,0.0,0.0,0.0,0.0,0.0,92.0
df_raw_meli_alq_temp,es_rango_superficie,6165.0,0.00145985401459854,0.038183233632160404,0.0,0.0,0.0,0.0,0.0,0.0,0.0,0.0,1.0
df_raw_meli_alq_temp,es_rango_ambientes,5948.0,0.0011768661735036988,0.03428817316557366,0.0,0.0,0.0,0.0,0.0,0.0,0.0,0.0,1.0
df_raw_meli_alq_temp,monoambiente,6190.0,0.34894991922455576,0.47667659978695176,0.0,0.0,0.0,0.0,0.0,1.0,1.0,1.0,1.0
df_raw_meli_alq_temp,apto_credito,6190.0,0.0008077544426494346,0.028411835289519464,0.0,0.0,0.0,0.0,0.0,0.0,0.0,0.0,1.0
df_raw_meli_alq_temp,balcon,6190.0,0.12067851373182553,0.3257796123634649,0.0,0.0,0.0,0.0,0.0,0.0,1.0,1.0,1.0
df_raw_meli_alq_temp,terraza,6190.0,0.028756058158319872,0.1671336590430117,0.0,0.0,0.0,0.0,0.0,0.0,0.0,1.0,1.0
df_raw_meli_alq_temp,pileta,6190.0,0.022617124394184167,0.14869149885942018,0.0,0.0,0.0,0.0,0.0,0.0,0.0,1.0,1.0
df_raw_meli_alq_temp,parrilla,6190.0,0.014539579967689823,0.11971004839345852,0.0,0.0,0.0,0.0,0.0,0.0,0.0,1.0,1.0
df_raw_meli_alq_temp,cochera_mencionada,6190.0,0.04232633279483037,0.20134886103557242,0.0,0.0,0.0,0.0,0.0,0.0,0.0,1.0,1.0
df_raw_meli_alq_temp,amenities_mencionadas,6190.0,0.055896607431340874,0.22974051335920634,0.0,0.0,0.0,0.0,0.0,0.0,1.0,1.0,1.0
df_raw_meli_alq_temp,cantidad_atributos,6190.0,2.939741518578352,0.263747428115863,0.0,2.0,2.0,3.0,3.0,3.0,3.0,3.0,3.0
df_raw_meli_alq_temp,completitud_pct,6190.0,86.21521809369955,5.981467399127134,42.9,71.4,71.4,85.7,85.7,85.7,100.0,100.0,100.0
df_raw_meli_vtas,pagina_origen,44013.0,16.45502465180742,11.48902465304933,1.0,1.0,2.0,7.0,14.0,25.0,38.0,42.0,42.0
df_raw_meli_vtas,precio,44013.0,223819.36366528072,1189750.2690183474,1100.0,44000.0,59000.0,92000.0,138000.0,225000.0,590000.0,1390000.0,174988000.0
df_raw_meli_vtas,desde,44013.0,0.029763933383318564,0.16993733490040702,0.0,0.0,0.0,0.0,0.0,0.0,0.0,1.0,1.0
df_raw_meli_vtas,ambientes_min,43457.0,2.5343212831074395,1.3099492168104685,1.0,1.0,1.0,2.0,2.0,3.0,4.0,6.0,44.0
df_raw_meli_vtas,ambientes_max,43457.0,2.5702188370112986,1.3070379299342185,1.0,1.0,1.0,2.0,2.0,3.0,4.0,6.0,44.0
df_raw_meli_vtas,banios_min,43056.0,1.3990384615384615,0.7906538044216016,1.0,1.0,1.0,1.0,1.0,2.0,3.0,4.0,43.0
df_raw_meli_vtas,banios_max,43056.0,1.4190821256038648,0.8047311345695682,1.0,1.0,1.0,1.0,1.0,2.0,3.0,4.0,43.0
df_raw_meli_vtas,dormitorios_min,203.0,2.497536945812808,2.889678429874801,1.0,1.0,1.0,1.0,2.0,3.0,4.0,10.919999999999959,31.0
df_raw_meli_vtas,dormitorios_max,203.0,2.5073891625615765,2.8879563127988006,1.0,1.0,1.0,1.0,2.0,3.0,4.0,10.919999999999959,31.0
df_raw_meli_vtas,superficie_min_m2,43971.0,81.19619749380273,2773.085650781952,1.0,21.0,27.0,38.0,52.0,77.0,155.0,265.0,580000.0
df_raw_meli_vtas,superficie_max_m2,43971.0,82.74396761501899,2773.1020724776745,1.0,21.0,28.0,39.0,53.0,78.0,160.0,270.0,580000.0
df_raw_meli_vtas,destacado,44013.0,0.21809465385227092,0.41295671737392664,0.0,0.0,0.0,0.0,0.0,0.0,1.0,1.0,1.0
df_raw_meli_vtas,emprendimiento,44013.0,0.034376207029741215,0.18219560267573,0.0,0.0,0.0,0.0,0.0,0.0,0.0,1.0,1.0
df_raw_meli_vtas,unidades_disponibles,1280.0,10.828125,12.263722747256615,1.0,1.0,1.0,3.0,7.0,14.0,33.0,69.42000000000007,96.0
df_raw_meli_vtas,parse_warnings,0.0,,,,,,,,,,,
df_raw_meli_vtas,posicion_pagina,44013.0,24.561856724149685,13.828646212905891,1.0,1.0,3.0,13.0,25.0,37.0,46.0,48.0,50.0
df_raw_meli_vtas,altura,36632.0,2223.067727669797,1831.707236504019,0.0,2.0,100.0,800.0,1800.0,3300.0,5500.0,8400.0,14600.0
df_raw_meli_vtas,comuna,43123.0,8.175150151891103,4.836005662252143,1.0,1.0,1.0,3.0,9.0,13.0,15.0,15.0,15.0
df_raw_meli_vtas,precio_anterior,40.0,6193.175,19919.24759145323,3.0,3.0,285.15000000000003,1575.25,1804.0,2100.0,6489.999999999813,94009.99999999997,110000.0
df_raw_meli_vtas,descuento_pct,40.0,-192046.8725,825205.1375236429,-4166566.67,-3815566.67,-182866.6699999994,-8898.23,-5658.115,-4615.179999999999,-2280.000000000007,0.0,0.0
df_raw_meli_vtas,precio_m2_min,43971.0,3222.805497259557,29689.56196227641,0.15,857.756,1307.69,2034.55,2693.48,3481.48,5635.85,8333.33,4619481.48
df_raw_meli_vtas,precio_m2_max,43971.0,3282.707489254281,29713.634796226535,0.15,928.0,1362.07,2083.92,2738.1,3536.23,5700.719999999999,8390.000000000007,4619481.48
df_raw_meli_vtas,amplitud_superficie_m2,43971.0,1.5477701212162562,14.076987390838575,0.0,0.0,0.0,0.0,0.0,0.0,0.0,53.0,753.0
df_raw_meli_vtas,es_rango_superficie,43971.0,0.025676013736326216,0.1581686599977905,0.0,0.0,0.0,0.0,0.0,0.0,0.0,1.0,1.0
df_raw_meli_vtas,es_rango_ambientes,43457.0,0.020111834687162024,0.14038448024583466,0.0,0.0,0.0,0.0,0.0,0.0,0.0,1.0,1.0
df_raw_meli_vtas,monoambiente,44013.0,0.21568627450980393,0.41130226005305215,0.0,0.0,0.0,0.0,0.0,0.0,1.0,1.0,1.0
df_raw_meli_vtas,apto_credito,44013.0,0.042964578647217866,0.20277957956426546,0.0,0.0,0.0,0.0,0.0,0.0,0.0,1.0,1.0
df_raw_meli_vtas,balcon,44013.0,0.19001204189671234,0.3923148770747718,0.0,0.0,0.0,0.0,0.0,0.0,1.0,1.0,1.0
df_raw_meli_vtas,terraza,44013.0,0.06264058346397655,0.24231812741683753,0.0,0.0,0.0,0.0,0.0,0.0,1.0,1.0,1.0
df_raw_meli_vtas,pileta,44013.0,0.01685865539726899,0.12874322399490773,0.0,0.0,0.0,0.0,0.0,0.0,0.0,1.0,1.0
df_raw_meli_vtas,parrilla,44013.0,0.025674232613091586,0.1581633167395236,0.0,0.0,0.0,0.0,0.0,0.0,0.0,1.0,1.0
df_raw_meli_vtas,cochera_mencionada,44013.0,0.10419648740144957,0.3055187395076337,0.0,0.0,0.0,0.0,0.0,0.0,1.0,1.0,1.0
df_raw_meli_vtas,amenities_mencionadas,44013.0,0.07627291936473314,0.2654373032524517,0.0,0.0,0.0,0.0,0.0,0.0,1.0,1.0,1.0
df_raw_meli_vtas,cantidad_atributos,44013.0,2.96666893872265,0.19067267646840538,0.0,2.0,3.0,3.0,3.0,3.0,3.0,3.0,3.0
df_raw_meli_vtas,completitud_pct,44013.0,88.1075454979211,6.553722898846609,42.9,71.4,85.7,85.7,85.7,85.7,100.0,100.0,100.0
df_raw_argenprop,pagina_origen,162.0,2.5185185185185186,1.1268723396380222,1.0,1.0,1.0,2.0,3.0,4.0,4.0,4.0,4.0
df_raw_argenprop,http_status,162.0,200.0,0.0,200.0,200.0,200.0,200.0,200.0,200.0,200.0,200.0,200.0
df_raw_argenprop,parse_ok,162.0,1.0,0.0,1.0,1.0,1.0,1.0,1.0,1.0,1.0,1.0,1.0
df_raw_argenprop,descripcion,0.0,,,,,,,,,,,
df_raw_argenprop,estado_publicacion,0.0,,,,,,,,,,,
df_raw_argenprop,fecha_publicacion,0.0,,,,,,,,,,,
df_raw_argenprop,inmobiliaria,0.0,,,,,,,,,,,
df_raw_argenprop,seller_id,0.0,,,,,,,,,,,
df_raw_argenprop,precio,162.0,522855.5925925926,561689.1362036916,900.0,1100.0,2405.0,115500.0,264500.0,815000.0,1500000.0,2555999.9999999944,3500000.0
df_raw_argenprop,expensas,11.0,152763.9090909091,110853.3846487824,3.0,42.7,201.5,77000.0,162500.0,237500.0,300000.0,316000.0,320000.0
df_raw_argenprop,precio_m2_calculado,149.0,9691.793422818793,9481.240530779984,13.48,15.686399999999999,21.232,2500.0,3461.54,18478.26,26175.827999999998,31529.075600000007,33333.33
df_raw_argenprop,altura,160.0,2149.86875,1454.6259720334128,0.0,100.0,195.00000000000003,1000.0,1900.0,2925.0,4704.999999999998,5200.0,5600.0
df_raw_argenprop,unidad,0.0,,,,,,,,,,,
df_raw_argenprop,barrio,0.0,,,,,,,,,,,
df_raw_argenprop,localidad,0.0,,,,,,,,,,,
df_raw_argenprop,partido,0.0,,,,,,,,,,,
df_raw_argenprop,provincia,0.0,,,,,,,,,,,
df_raw_argenprop,pais,0.0,,,,,,,,,,,
df_raw_argenprop,codigo_postal,0.0,,,,,,,,,,,
df_raw_argenprop,latitud,0.0,,,,,,,,,,,
df_raw_argenprop,longitud,0.0,,,,,,,,,,,
df_raw_argenprop,ambientes,108.0,2.638888888888889,0.9217854812917423,1.0,1.0,1.0,2.0,3.0,3.0,4.0,5.0,5.0
df_raw_argenprop,dormitorios,133.0,1.8045112781954886,0.8389987414349407,1.0,1.0,1.0,1.0,2.0,2.0,3.0,4.0,4.0
df_raw_argenprop,banios,72.0,3.8055555555555554,14.685087663579369,1.0,1.0,1.0,1.0,1.0,2.0,3.0,90.0,90.0
df_raw_argenprop,toilettes,0.0,,,,,,,,,,,
df_raw_argenprop,cocheras,3.0,1.3333333333333333,0.5773502691896257,1.0,1.0,1.0,1.0,1.0,1.5,1.9,1.98,2.0
df_raw_argenprop,superficie_total_m2,149.0,66.26926174496644,45.057124674248314,18.0,24.92,29.0,37.0,49.0,85.0,147.19999999999996,227.44000000000023,300.0
df_raw_argenprop,superficie_cubierta_m2,7.0,86.70285714285716,64.87511868050434,31.47,32.049,34.365,41.224999999999994,52.0,120.5,184.99999999999997,196.99999999999997,200.0
df_raw_argenprop,superficie_descubierta_m2,0.0,,,,,,,,,,,
df_raw_argenprop,superficie_semicubierta_m2,0.0,,,,,,,,,,,
df_raw_argenprop,superficie_terreno_m2,0.0,,,,,,,,,,,
df_raw_argenprop,frente_m,0.0,,,,,,,,,,,
df_raw_argenprop,fondo_m,0.0,,,,,,,,,,,
df_raw_argenprop,antiguedad_anios,0.0,,,,,,,,,,,
df_raw_argenprop,estado_inmueble,0.0,,,,,,,,,,,
df_raw_argenprop,disposicion,0.0,,,,,,,,,,,
df_raw_argenprop,orientacion,0.0,,,,,,,,,,,
df_raw_argenprop,luminosidad,0.0,,,,,,,,,,,
df_raw_argenprop,cantidad_plantas,0.0,,,,,,,,,,,
df_raw_argenprop,cantidad_pisos_edificio,0.0,,,,,,,,,,,
df_raw_argenprop,departamentos_por_piso,0.0,,,,,,,,,,,
df_raw_argenprop,apto_credito,0.0,,,,,,,,,,,
df_raw_argenprop,apto_profesional,0.0,,,,,,,,,,,
df_raw_argenprop,permite_mascotas,0.0,,,,,,,,,,,
df_raw_argenprop,accesibilidad,0.0,,,,,,,,,,,
df_raw_argenprop,amoblado,0.0,,,,,,,,,,,
df_raw_argenprop,balcon,0.0,,,,,,,,,,,
df_raw_argenprop,terraza,0.0,,,,,,,,,,,
df_raw_argenprop,patio,0.0,,,,,,,,,,,
df_raw_argenprop,jardin,0.0,,,,,,,,,,,
df_raw_argenprop,parrilla,0.0,,,,,,,,,,,
df_raw_argenprop,pileta,0.0,,,,,,,,,,,
df_raw_argenprop,sum,0.0,,,,,,,,,,,
df_raw_argenprop,gimnasio,0.0,,,,,,,,,,,
df_raw_argenprop,sauna,0.0,,,,,,,,,,,
df_raw_argenprop,laundry,0.0,,,,,,,,,,,
df_raw_argenprop,baulera,0.0,,,,,,,,,,,
df_raw_argenprop,ascensor,0.0,,,,,,,,,,,
df_raw_argenprop,seguridad_24h,0.0,,,,,,,,,,,
df_raw_argenprop,vigilancia,0.0,,,,,,,,,,,
df_raw_argenprop,aire_acondicionado,0.0,,,,,,,,,,,
df_raw_argenprop,calefaccion,0.0,,,,,,,,,,,
df_raw_argenprop,losa_radiante,0.0,,,,,,,,,,,
df_raw_argenprop,gas_natural,0.0,,,,,,,,,,,
df_raw_argenprop,agua_corriente,0.0,,,,,,,,,,,
df_raw_argenprop,electricidad,0.0,,,,,,,,,,,
df_raw_argenprop,cloaca,0.0,,,,,,,,,,,
df_raw_argenprop,internet,0.0,,,,,,,,,,,
df_raw_argenprop,vista_rio,0.0,,,,,,,,,,,
df_raw_argenprop,vista_abierta,0.0,,,,,,,,,,,
df_raw_argenprop,reciclado,0.0,,,,,,,,,,,
df_raw_argenprop,a_refaccionar,0.0,,,,,,,,,,,
df_raw_argenprop,cantidad_imagenes,162.0,8.679012345679013,0.6465803115047035,4.0,6.0,8.0,8.0,9.0,9.0,9.0,9.0,9.0
df_raw_argenprop,video_url,0.0,,,,,,,,,,,
df_raw_argenprop,tour_virtual_url,0.0,,,,,,,,,,,
df_raw_argenprop,cantidad_atributos_extra,162.0,1.0,0.0,1.0,1.0,1.0,1.0,1.0,1.0,1.0,1.0,1.0
df_raw_argenprop,jsonld_raw,0.0,,,,,,,,,,,
df_raw_zonaprop,pagina_origen,980.0,4.966326530612245,2.5877626636105795,1.0,1.0,1.0,3.0,5.0,7.0,9.0,9.0,9.0
df_raw_zonaprop,http_status,980.0,200.0,0.0,200.0,200.0,200.0,200.0,200.0,200.0,200.0,200.0,200.0
df_raw_zonaprop,parse_ok,980.0,1.0,0.0,1.0,1.0,1.0,1.0,1.0,1.0,1.0,1.0,1.0
df_raw_zonaprop,descripcion,0.0,,,,,,,,,,,
df_raw_zonaprop,tipo_propiedad,0.0,,,,,,,,,,,
df_raw_zonaprop,estado_publicacion,0.0,,,,,,,,,,,
df_raw_zonaprop,fecha_publicacion,0.0,,,,,,,,,,,
df_raw_zonaprop,seller_id,0.0,,,,,,,,,,,
df_raw_zonaprop,precio,972.0,325571.0740740741,517343.85599349585,380.0,500.0,685.5,2000.0,125000.0,490000.0,1200000.0,2389149.999999995,4900000.0
df_raw_zonaprop,expensas,654.0,93.53669724770643,79.63518098769804,3.0,25.53,32.0,43.0,62.5,118.0,252.35000000000002,380.52000000000044,672.0
df_raw_zonaprop,precio_m2_calculado,967.0,4463.096028955533,6844.496856048781,7.5,9.5026,14.0,22.155,2109.55,3773.3,20820.172,26470.59,35714.29
df_raw_zonaprop,altura,0.0,,,,,,,,,,,
df_raw_zonaprop,unidad,0.0,,,,,,,,,,,
df_raw_zonaprop,barrio,0.0,,,,,,,,,,,
df_raw_zonaprop,localidad,0.0,,,,,,,,,,,
df_raw_zonaprop,partido,0.0,,,,,,,,,,,
df_raw_zonaprop,provincia,0.0,,,,,,,,,,,
df_raw_zonaprop,pais,0.0,,,,,,,,,,,
df_raw_zonaprop,codigo_postal,0.0,,,,,,,,,,,
df_raw_zonaprop,latitud,0.0,,,,,,,,,,,
df_raw_zonaprop,longitud,0.0,,,,,,,,,,,
df_raw_zonaprop,ambientes,975.0,2.674871794871795,1.4003279019691148,1.0,1.0,1.0,2.0,2.0,4.0,5.0,7.0,10.0
df_raw_zonaprop,dormitorios,766.0,1.9373368146214098,1.1996688906493873,1.0,1.0,1.0,1.0,2.0,3.0,4.0,4.350000000000023,21.0
df_raw_zonaprop,banios,925.0,1.5621621621621622,0.8739097571936496,1.0,1.0,1.0,1.0,1.0,2.0,3.0,4.0,6.0
df_raw_zonaprop,toilettes,0.0,,,,,,,,,,,
df_raw_zonaprop,cocheras,64.0,7.09375,26.26405519408789,1.0,1.0,1.0,2.0,2.0,2.25,14.699999999999989,118.72999999999968,200.0
df_raw_zonaprop,superficie_total_m2,975.0,98.3323076923077,90.4814883009884,19.0,27.0,33.0,44.0,65.0,120.0,260.5999999999999,411.26,1119.0
df_raw_zonaprop,superficie_cubierta_m2,49.0,77.08163265306122,66.23029163919064,3.0,3.96,9.4,34.0,57.0,95.0,216.19999999999985,287.9599999999996,335.0
df_raw_zonaprop,superficie_descubierta_m2,0.0,,,,,,,,,,,
df_raw_zonaprop,superficie_semicubierta_m2,0.0,,,,,,,,,,,
df_raw_zonaprop,superficie_terreno_m2,0.0,,,,,,,,,,,
df_raw_zonaprop,frente_m,0.0,,,,,,,,,,,
df_raw_zonaprop,fondo_m,0.0,,,,,,,,,,,
df_raw_zonaprop,antiguedad_anios,0.0,,,,,,,,,,,
df_raw_zonaprop,estado_inmueble,0.0,,,,,,,,,,,
df_raw_zonaprop,disposicion,0.0,,,,,,,,,,,
df_raw_zonaprop,orientacion,0.0,,,,,,,,,,,
df_raw_zonaprop,luminosidad,0.0,,,,,,,,,,,
df_raw_zonaprop,cantidad_plantas,0.0,,,,,,,,,,,
df_raw_zonaprop,cantidad_pisos_edificio,0.0,,,,,,,,,,,
df_raw_zonaprop,departamentos_por_piso,0.0,,,,,,,,,,,
df_raw_zonaprop,apto_credito,0.0,,,,,,,,,,,
df_raw_zonaprop,apto_profesional,0.0,,,,,,,,,,,
df_raw_zonaprop,permite_mascotas,0.0,,,,,,,,,,,
df_raw_zonaprop,accesibilidad,0.0,,,,,,,,,,,
df_raw_zonaprop,amoblado,0.0,,,,,,,,,,,
df_raw_zonaprop,balcon,0.0,,,,,,,,,,,
df_raw_zonaprop,terraza,0.0,,,,,,,,,,,
df_raw_zonaprop,patio,0.0,,,,,,,,,,,
df_raw_zonaprop,jardin,0.0,,,,,,,,,,,
df_raw_zonaprop,parrilla,0.0,,,,,,,,,,,
df_raw_zonaprop,pileta,0.0,,,,,,,,,,,
df_raw_zonaprop,sum,0.0,,,,,,,,,,,
df_raw_zonaprop,gimnasio,0.0,,,,,,,,,,,
df_raw_zonaprop,sauna,0.0,,,,,,,,,,,
df_raw_zonaprop,laundry,0.0,,,,,,,,,,,
df_raw_zonaprop,baulera,0.0,,,,,,,,,,,
df_raw_zonaprop,ascensor,0.0,,,,,,,,,,,
df_raw_zonaprop,seguridad_24h,0.0,,,,,,,,,,,
df_raw_zonaprop,vigilancia,0.0,,,,,,,,,,,
df_raw_zonaprop,aire_acondicionado,0.0,,,,,,,,,,,
df_raw_zonaprop,calefaccion,0.0,,,,,,,,,,,
df_raw_zonaprop,losa_radiante,0.0,,,,,,,,,,,
df_raw_zonaprop,gas_natural,0.0,,,,,,,,,,,
df_raw_zonaprop,agua_corriente,0.0,,,,,,,,,,,
df_raw_zonaprop,electricidad,0.0,,,,,,,,,,,
df_raw_zonaprop,cloaca,0.0,,,,,,,,,,,
df_raw_zonaprop,internet,0.0,,,,,,,,,,,
df_raw_zonaprop,vista_rio,0.0,,,,,,,,,,,
df_raw_zonaprop,vista_abierta,0.0,,,,,,,,,,,
df_raw_zonaprop,reciclado,0.0,,,,,,,,,,,
df_raw_zonaprop,a_refaccionar,0.0,,,,,,,,,,,
df_raw_zonaprop,cantidad_imagenes,980.0,2.036734693877551,0.2406102876890048,1.0,1.0,2.0,2.0,2.0,2.0,2.0,3.0,3.0
df_raw_zonaprop,video_url,0.0,,,,,,,,,,,
df_raw_zonaprop,tour_virtual_url,0.0,,,,,,,,,,,
df_raw_zonaprop,cantidad_atributos_extra,980.0,1.0,0.0,1.0,1.0,1.0,1.0,1.0,1.0,1.0,1.0,1.0
df_raw_zonaprop,jsonld_raw,0.0,,,,,,,,,,,
df_raw_airbnb_norm,property_id,9596.0,1.0346648929538049e+18,5.872224762281128e+17,24763.0,1541493.1,18205104.5,7.420415438834689e+17,1.1319715638891468e+18,1.5509502802885253e+18,1.7391933648633564e+18,1.7638018038654328e+18,1.7677389155479142e+18
df_raw_airbnb_norm,precio,9596.0,176.98078365985828,1857.1317783133459,16.833333333333332,27.133333333333333,32.9,45.73333333333333,60.86666666666667,90.56666666666666,225.09166666666667,809.5533333333321,69768.0
df_raw_airbnb_norm,comuna,9519.0,8.312217669923312,5.887633185830073,1.0,1.0,1.0,2.0,12.0,14.0,15.0,15.0,15.0
df_raw_airbnb_norm,latitud,9596.0,-34.59097517373736,0.019229863218080987,-34.70302,-34.6361,-34.6219,-34.6025,-34.590360000000004,-34.5801875,-34.5559,-34.543495,-34.52706
df_raw_airbnb_norm,longitud,9596.0,-58.41825431164752,0.030873728711770226,-58.5306,-58.4983,-58.4697,-58.4381,-58.422045,-58.3926,-58.37143,-58.36221,-58.3356
df_raw_airbnb_norm,ambientes,9594.0,2.0500312695434646,0.8522683898767489,1.0,1.0,1.0,2.0,2.0,2.0,3.0,4.0,19.0
df_raw_airbnb_norm,dormitorios,9594.0,1.0500312695434646,0.8522683898767489,0.0,0.0,0.0,1.0,1.0,1.0,2.0,3.0,18.0
df_raw_airbnb_norm,banios,9590.0,1.1222106360792492,0.5753994141625962,0.0,1.0,1.0,1.0,1.0,1.0,2.0,3.0,17.0
df_raw_airbnb_norm,toilettes,9590.0,0.10688216892596454,0.3089794910325009,0.0,0.0,0.0,0.0,0.0,0.0,1.0,1.0,1.0
df_raw_airbnb_norm,camas,9407.0,1.8488359732114383,1.4807950793302231,1.0,1.0,1.0,1.0,1.0,2.0,4.0,6.0,40.0
df_raw_airbnb_norm,capacidad,9596.0,2.945185493955815,1.4582309401146785,2.0,2.0,2.0,2.0,2.0,4.0,5.0,8.0,26.0
df_raw_airbnb_norm,seller_id,9596.0,3.0689895622163444e+16,2.2722441378992237e+17,13426.0,416887.10000000003,2120738.0,36668835.0,160436779.0,469282547.0,697196422.25,1.7066659161647232e+18,1.7671390427016543e+18
df_raw_airbnb_norm,rating,8074.0,4.736254644538024,0.4271341358171735,1.0,3.0,4.0,4.68,4.84,4.97,5.0,5.0,5.0
df_raw_airbnb_norm,reviews,8074.0,38.141441664602425,52.76316894603352,1.0,1.0,1.0,6.0,19.0,51.0,132.34999999999945,238.0,1140.0
df_raw_airbnb_norm,cantidad_imagenes,9596.0,26.80637765735723,19.02583266144808,1.0,5.0,8.0,15.0,23.0,33.0,58.0,90.0,450.0
