comuna,superficie_km2,poblacion_total,densidad_hab_km2,poblacion_viv_particulares,viviendas_total,viviendas_particulares,viviendas_ocupadas,viviendas_uso_temporal,viviendas_uso_oficina,viviendas_en_alquiler_o_venta,hogares,viviendas_ocupadas_casa,viviendas_ocupadas_departamento,hogares_propietarios,hogares_inquilinos,tamano_medio_hogar,pct_hogares_inquilinos,pct_viviendas_departamento,pct_viviendas_uso_temporal,pct_viviendas_en_alquiler_o_venta,n_alquiler,n_alquiler_temporal,n_venta,n_airbnb,venta_por_1000_viviendas,alquiler_por_1000_viviendas,airbnb_por_1000_viviendas,alquiler_por_1000_hogares_inquilinos,publicaciones_por_1000_hab,airbnb_por_cada_alquiler_permanente
1,17.9,223554,12489.1,221001,130298,130145,104984,1679,6520,6483,106509,14131,80674,43938,51478,2.074951412556685,48.33206583481208,76.84409052808047,1.2900995043989396,4.981366936878097,1819,2891,6058,1989,46.54808098659188,13.976718275769334,15.282953628644973,35.33548311900229,48.16733317229841,1.0934579439252337
2,6.3,161645,25657.9,160609,107544,107498,83038,3184,3755,4828,83818,1745,80171,39194,34629,1.9161635925457536,41.31451478202773,96.54736385751102,2.961915570522242,4.49124634876928,1007,1770,2001,1322,18.614299800926528,9.36761614169566,12.297903216804034,29.079673106355944,29.5586006371988,1.3128103277060577
3,6.4,196240,30662.5,193537,110368,110264,91391,741,3750,5428,92555,6803,76741,38526,44364,2.0910485657176814,47.93258062773486,83.969975161668,0.6720235072190379,4.922730900384532,478,634,3195,405,28.975912355800624,4.3350504244359,3.6730029746789525,10.774501848345505,21.947615165103954,0.8472803347280334
4,22.7,229240,10098.7,227024,100986,100950,90018,210,2274,3007,91186,33894,49814,49024,31452,2.489680433399864,34.49213695084772,55.33782132462397,0.2080237741456166,2.978702327885092,237,260,1621,137,16.057454185240218,2.347696879643388,1.3571074789499753,7.53529187333079,9.239225266096668,0.5780590717299579
5,6.7,194271,28995.7,192449,106054,105979,92166,397,2557,4427,93208,11954,76327,45306,38458,2.064726203759334,41.26040683203159,82.8147039038257,0.3746025155927117,4.177242661281952,519,671,2928,399,27.62811500391587,4.8971966144236125,3.7648968191811587,13.495241562223725,21.197193610986716,0.7687861271676301
6,6.9,203043,29426.5,201764,106725,106669,94566,387,2313,4404,95464,10311,81963,52388,33671,2.1135087572278555,35.27088745495684,86.6727999492418,0.3628045636501701,4.128659685569378,689,265,1938,140,18.16835256728759,6.4592337042627195,1.312471289690538,20.462712720144932,14.24328836748866,0.20319303338171263
7,12.4,215896,17411.0,213262,99708,99624,89905,159,1754,3808,90970,25190,60820,50545,30905,2.344311311421348,33.97273826536221,67.64918525109839,0.1596000963623223,3.822372119168072,452,147,2457,60,24.662731871838112,4.53705934313017,0.6022645145748012,14.625465135091408,14.1549635009449,0.13274336283185842
8,22.5,204367,9083.0,203888,73037,73029,69286,36,1015,930,70622,37585,27856,44057,18167,2.8870323695165814,25.72427855342528,40.20437029125653,0.0492954853551328,1.2734667050075996,100,33,615,2,8.421312081501869,1.3693190376425803,0.027386380752851606,5.504486156217317,3.660082107189517,0.02
9,16.6,169063,10184.5,167908,75361,75315,65918,195,2295,2554,66753,35017,29285,39080,19993,2.515362605425973,29.95071382559585,44.42640856822112,0.2589125672176857,3.3910907521742018,209,79,1598,15,21.217552944300603,2.775011617871606,0.19916351324437362,10.4536587805732,11.155604715401951,0.07177033492822966
10,12.6,173004,13730.5,171896,84264,84220,73305,240,1840,3118,73964,31193,40273,43337,22851,2.324049537612893,30.8947596127846,54.93895368665166,0.2849679411066255,3.702208501543576,304,160,2013,36,23.901686060318216,3.609593920683923,0.42745191165993823,13.303575335871516,14.317588032646643,0.11842105263157894
11,14.1,204601,14510.7,201905,100824,100777,86950,301,3715,3391,87910,32842,52699,53174,25651,2.296723922193152,29.17870549425549,60.60839562967222,0.2986792621332248,3.364855076059021,445,208,3027,125,30.036615497583774,4.415690088016115,1.2403623842741895,17.34825153015477,17.986226851286162,0.2808988764044944
12,15.7,236887,15088.3,235364,120938,120868,107094,271,2594,4226,108085,32023,73538,60488,36679,2.177582458250451,33.935328676504604,68.66677871776197,0.2242115365522719,3.4963762120660555,722,378,4224,206,34.94721514379323,5.973458649104809,1.704338617334613,19.684288012214072,22.474850878266853,0.2853185595567867
13,15.0,264385,17625.7,262330,145557,145490,126307,763,4584,5704,127241,12369,112534,69509,44684,2.061678232645138,35.11761146171438,89.0956162366298,0.5244346690494192,3.920544367310468,1390,1450,5171,951,35.541961646848584,9.553921231699773,6.536531720393154,31.107331483304986,30.300508727802256,0.6841726618705036
14,15.9,248635,15637.4,247252,150826,150774,126532,1763,5646,6494,127733,6720,117637,61944,51632,1.9356939866753309,40.4218173847009,92.97015774665697,1.1692997466406674,4.307108652685477,1431,4216,2592,3222,17.191292928489,9.491026304269967,21.369732181941185,27.715370312984195,33.13692762483158,2.251572327044025
15,14.3,196876,13767.6,195265,102810,102752,89798,323,3461,3280,90717,22598,64964,48071,33154,2.1524631546457664,36.54662301442949,72.34459564800997,0.3143491124260355,3.192151977577079,628,824,3838,511,37.35207100591716,6.111803176580504,4.973139208969169,18.941907462146347,26.869704788801073,0.8136942675159236
